num,target,number_of_steps,top_score,is_solved,reactants_smiles,cas_1,cas_2,cas_3,cas_4,cas_5,cas_6,cas_7,cas_8,cas_9
xxx_0010,Brc1c(NC2=NCCN2)ccc2nccnc12,1,0.997628706,True,"Nc1ccc2nccnc2c1Br, O=S(=O)(O)C1=NCCN1",,64205-92-1,,,,,,,
xxx_0023,C#CC(O)(/C=C/Cl)CC,1,0.997628706,True,"CCC(=O)/C=C/Cl, C1CCOC1",58953-12-1,77392-70-2,,,,,,,
xxx_0025,C#CC1(OC(N)=O)CCCCC1,1,0.997628706,True,"O=C=NC(=O)C(Cl)(Cl)Cl, C#CC1(O)CCCCC1",3019-71-4,28652-54-2,,,,,,,
xxx_0027,C#CCN(C)Cc1ccccc1,1,0.997628706,True,"C#CCBr, CNCc1ccccc1",106-96-7,103-67-3,,,,,,,
xxx_0028,C(=C/c1ccccc1)\CN1CCN(C(c2ccccc2)c2ccccc2)CC1,1,0.997628706,True,"OC(c1ccccc1)c1ccccc1, C(=C/c1ccccc1)\CN1CCNCC1",91-01-0,,,,,,,,
xxx_0029,C(COCCOCC1CO1)OCCOCC1CO1,3,0.986552929,True,"OC(CCl)CCl, OCCOCCOCCO, C=CCBr",27988-86-9,118662-30-9,106-95-6,,,,,,
xxx_0033,C/C(=N\O)c1ccc(OCC(=O)N2CCCCC2)cc1,1,0.997628706,True,"O=C(CBr)N1CCCCC1, C/C(=N\O)c1ccc(O)cc1",,,,,,,,,
xxx_0034,C/C(O)=C(\C#N)C(=O)Nc1ccc(C(F)(F)F)cc1,2,0.994039854,True,"Cc1oncc1C(=O)O, Nc1ccc(C(F)(F)F)cc1",,455-14-1,,,,,,,
xxx_0036,C/C=C/C(=O)N(CC)c1ccccc1C,1,0.997628706,True,"C/C=C/C(=O)Cl, CCNc1ccccc1C",10487-71-5,1821-38-1,,,,,,,
xxx_0038,C[C@@]1(C(=O)N[C@@H](CCC(=O)O)C(=O)O)CCCN1C(=O)CN,1,0.997628706,True,"COC(=O)[C@]1(C)CCCN1C(=O)CN, N[C@@H](CCC(=O)O)C(=O)O",,26717-13-5,,,,,,,
xxx_0040,C[C@@]12C(=O)OC(=O)[C@]1(C)[C@H]1CC[C@@H]2O1,1,0.997628706,True,C[C@]1(C(=O)O)[C@@H]2CC[C@@H](O2)[C@@]1(C)C(=O)O,,,,,,,,,
xxx_0041,C[C@@H](Cc1ccccc1)N(C)Cc1ccccc1,1,0.997628706,True,"BrCc1ccccc1, CN[C@@H](C)Cc1ccccc1",100-39-0,14611-50-8,,,,,,,
xxx_0045,C[C@@H](Oc1cc(-c2cnn(C3CCNCC3)c2)cnc1N)c1c(Cl)ccc(F)c1Cl,4,0.975,True,"O=C1CCC(=O)N1Br, BrCc1ccccc1, Brc1cnn(C2CCNCC2)c1, C[C@@H](O)c1c(Cl)ccc(F)c1Cl, O=[N+]([O-])c1ncccc1F",3493-39-8,100-39-0,,,,,,,
xxx_0052,C[C@@H]1CN(c2c(F)c(N)c3c(=O)c(C(=O)O)cn(C4CC4)c3c2F)C[C@H](C)N1,7,0.952371294,True,"C[C@@H]1CNC[C@H](C)N1, NCc1ccccc1, CCOC(OCC)OCC, NC1CC1, CCOC(=O)CC(=O)OCC, O=C(Cl)c1c(F)c(F)c(F)c(F)c1F",,100-46-9,108055-42-1,765-30-0,145601-68-9,2251-50-5,,,
xxx_0058,C[C@]1(COc2ccc(N3CCC(Oc4ccc(OC(F)(F)F)cc4)CC3)cc2)Cn2cc([N+](=O)[O-])nc2O1,3,0.986552929,True,"C[C@]1(CO)Cn2cc([N+](=O)[O-])nc2O1, Oc1ccc(OC(F)(F)F)cc1, OC1CCNCC1, O=C1CCC(=O)CC1",,828-27-3,,637-88-7,,,,,
xxx_0086,C[C@H](N)[C@H](O)c1cccc(O)c1,1,0.997628706,True,COc1cccc([C@@H](O)[C@H](C)N)c1,,,,,,,,,
xxx_0090,C[C@H](NCc1ccc(OCc2cccc(F)c2)cc1)C(N)=O,1,0.997628706,True,"C[C@H](N)C(N)=O, O=Cc1ccc(OCc2cccc(F)c2)cc1",,,,,,,,,
xxx_0092,C[C@H]1[C@H](c2ccccc2)OCCN1C,1,0.997628706,True,C[C@@H]([C@@H](O)c1ccccc1)N(C)CCO,,,,,,,,,
xxx_0093,C[C@H]1[C@H](NC(=O)/C(=N\OC(C)(C)C(=O)O)c2csc(N)n2)C(=O)N1S(=O)(=O)O,4,0.975,True,"C[C@H]1[C@H](N)C(=O)N1S(=O)(=O)O, Nc1nc(C(=O)C(=O)O)cs1, BrCc1ccccc1, CC(C)(ON)C(=O)O",80082-65-1,,100-39-0,,,,,,
xxx_0096,C[C@H]1CN(C[C@H](Cc2ccccc2)C(=O)NCC(=O)O)CC[C@@]1(C)c1cccc(O)c1,4,0.975,True,"C[C@H]1CNCC[C@@]1(C)c1cccc(O)c1, CCOC(=O)CN, O=C(O)[C@H](CO)Cc1ccccc1",,,,,,,,,
xxx_0097,C[C@H]1CNC(=O)c2cnn3ccc(nc23)N[C@H](C)c2cc(F)ccc2O1,3,0.986552929,True,"COC(=O)NC[C@H](C)O, C[C@@H](N)c1cc(F)ccc1F, Clc1ccn2nccc2n1",,,,,,,,,
xxx_0099,C[C@H]1COc2c(N3CCN(C)CC3)c(F)cc3c(=O)c(C(=O)O)cn1c23,2,0.994039854,True,"CN1CCNCC1, C[C@H]1COc2c(ccc(F)c2F)N1, CCOC=C(C(=O)OCC)C(=O)OCC",109-01-3,,87-13-8,,,,,,
xxx_0102,C[N+](C)(C)CC(=O)[O-].OC(O)C(Cl)(Cl)Cl,1,0.997628706,True,C[N+](C)(C)CC(=O)O,,,,,,,,,
xxx_0103,C[N+](C)(C)CCCCCCCCCC[N+](C)(C)C,1,0.997628706,True,"C[N+](C)(C)CCCBr, C[N+](C)(C)CCCCCCCBr",,,,,,,,,
xxx_0104,C[N+](C)(C)CCO.[Cl-],1,0.997628706,True,C[N+](C)(C)CC(=O)O,,,,,,,,,
xxx_0105,C[N+](C)(C)CCOC(N)=O,1,0.997628706,True,"O=C=NC(=O)C(Cl)(Cl)Cl, C[N+](C)(C)CCO",3019-71-4,139741-81-4,,,,,,,
xxx_0106,C[N+](C)(CCOc1ccccc1)Cc1ccccc1.O=C([O-])c1cc2ccccc2cc1O,1,0.997628706,True,"C[N+](C)(CCO)Cc1ccccc1, Oc1ccccc1",13186-75-9,1336-35-2,,,,,,,
xxx_0112,C[n+]1ccccc1C=NO,1,0.997628706,True,C[n+]1ccccc1C=O,,,,,,,,,
xxx_0115,C=C(C#N)C(=O)OCCCC,1,0.997628706,True,"C=C(C#N)C(=O)O, CCCCO",15802-18-3,107569-51-7,,,,,,,
xxx_0118,C=C(CC)C(=O)c1ccc(OCC(=O)O)c(Cl)c1Cl,2,0.994039854,True,"C=C(CC)C(=O)Cl, COc1cccc(Cl)c1Cl",,1984-59-4,,,,,,,
xxx_0128,C=C1c2c(Cl)ccc(O)c2C(=O)C2=C(O)[C@]3(O)C(=O)C(C(N)=O)=C(O)[C@@H](N(C)C)[C@@H]3[C@@H](O)[C@H]12.O=C(O)c1cc(S(=O)(=O)O)ccc1O,1,0.997628706,True,O=Cc1cc(S(=O)(=O)O)ccc1O,,,,,,,,,
xxx_0132,C=CC(=O)N1C[C@H](Nc2ncnc3[nH]ccc23)CC[C@@H]1C,1,0.997628706,True,"C=CC(=O)Cl, C[C@H]1CC[C@@H](Nc2ncnc3[nH]ccc23)CN1",814-68-6,,,,,,,,
xxx_0135,C=CC(=O)N1CCC[C@@H](n2nc(-c3ccc(Oc4ccccc4)cc3)c3c(N)ncnc32)C1,3,0.986552929,True,"OB(O)c1ccc(Oc2ccccc2)cc1, C=CC(=O)Cl, Nc1ncnc2c1cnn2[C@@H]1CCCNC1",51067-38-0,814-68-6,,,,,,,
xxx_0138,C=CC(=O)Nc1cc(Nc2nccc(-c3cn(C)c4ccccc34)n2)c(OC)cc1N(C)CCN(C)C,4,0.975,True,"C=CC(=O)Cl, CNCCN(C)C, COc1cc(F)c([N+](=O)[O-])cc1N, Cn1cc(-c2ccnc(Cl)n2)c2ccccc21",814-68-6,,,,,,,,
xxx_0139,C=CC(=O)Nc1cccc(Oc2nc(Nc3ccc(N4CCN(C)CC4)cc3)nc3ccsc23)c1,2,0.994039854,True,"CN1CCN(c2ccc(N)cc2)CC1, C=CC(=O)Nc1cccc(O)c1, Clc1nc(Cl)c2sccc2n1",,13040-21-6,,,,,,,
xxx_0143,C=CC1=C(C(=O)O)N2C(=O)[C@@H](NC(=O)/C(=N\O)c3csc(N)n3)[C@H]2SC1,1,0.997628706,True,"Nc1nc(/C(=N/O)C(=O)O)cs1, C=CC1=C(C(=O)O)N2C(=O)[C@@H](N)[C@H]2SC1",120570-48-1,,,,,,,,
xxx_0145,C=CCC1(CC(C)C)C(=O)NC(=O)NC1=O,1,0.997628706,True,C=CCC1(CCC)C(=O)NC(=O)NC1=O,7296-17-5,,,,,,,,
xxx_0152,C=CCNc1nc(NCC=C)nc(N2CCN(C(c3ccc(F)cc3)c3ccc(F)cc3)CC2)n1,2,0.994039854,True,"C=CCNc1nc(Cl)nc(NCC=C)n1, OC(c1ccc(F)cc1)c1ccc(F)cc1, C1CNCCN1",15468-86-7,365-24-2,8017-90-1,,,,,,
xxx_0155,c1cc(CN2CCCNCCNCCCNCC2)ccc1CN1CCCNCCNCCCNCC1,2,0.994039854,True,"C1CNCCNCCCNCCNC1, C1CNCCNCCCNCCNC1, ClCc1ccc(CCl)cc1",295-37-4,295-37-4,623-25-6,,,,,,
xxx_0156,C1CCC(C(CC2CCCCN2)C2CCCCC2)CC1,6,0.955960146,True,"O=C(OO)c1cccc(Cl)c1, Cc1ccccn1, O=C(c1ccccc1)c1ccccc1",937-14-4,109-06-8,119-61-9,,,,,,
xxx_0157,c1ccc(-c2ccc(C(c3ccccc3)n3ccnc3)cc2)cc1,2,0.994039854,True,"O=Cn1ccnc1, Brc1ccccc1, O=Cc1ccc(-c2ccccc2)cc1",,108-86-1,3218-36-8,,,,,,
xxx_0158,c1ccc(CC2=NCCN2)cc1,1,0.997628706,True,"NCCN, N#CCc1ccccc1",107-15-3,140-29-4,,,,,,,
xxx_0159,c1ccc2c(c1)Sc1ccccc1N2CC1CN2CCC1CC2,4,0.975,True,"O=C1CN2CCC1CC2, [C-]#[N+]CS(=O)(=O)c1ccc(C)cc1, Fc1ccccc1I, Fc1ccccc1S",29924-73-0,36635-61-7,348-52-7,,,,,,
xxx_0160,c1ccc2c(CCC3CCNCC3)c[nH]c2c1,1,0.997628706,True,c1ccc2c(CCc3ccncc3)c[nH]c2c1,,,,,,,,,
xxx_0161,c1cnc(N2CCN(Cc3ccc4c(c3)OCO4)CC2)nc1,1,0.997628706,True,"ClCc1ccc2c(c1)OCO2, c1cnc(N2CCNCC2)nc1",20850-43-5,125523-53-7,,,,,,,
xxx_0162,C1CNCCN1.C1CNCCN1.C1CNCCN1.O=C(O)CC(O)(CC(=O)O)C(=O)O.O=C(O)CC(O)(CC(=O)O)C(=O)O,1,0.997628706,True,CC(C)(C)OC(=O)N1CCNCC1,,,,,,,,,
xxx_0166,CC#CC(=O)N1CCC[C@H]1c1nc(-c2ccc(C(=O)Nc3ccccn3)cc2)c2c(N)nccn12,6,0.955960146,True,"CC#CC(=O)O, O=C(Nc1ccccn1)c1ccc(B(O)O)cc1, O=C1CCC(=O)N1Br, CC(C)(C)OC(=O)N1CCC[C@H]1C(=O)O, NCc1nccnc1N",590-93-2,,3493-39-8,,,,,,
xxx_0169,CC(=O)/N=c1/sc(S(N)(=O)=O)nn1C,3,0.986552929,True,"CC(C)(C)N, CC(=O)/N=c1/sc(S(=O)(=O)O)nn1C, O=S(Cl)Cl",75-64-9,,7719-09-7,,,,,,
xxx_0179,CC(=O)CC(c1ccc([N+](=O)[O-])cc1)c1c(O)c2ccccc2oc1=O,2,0.994039854,True,"O=c1cc(O)c2ccccc2o1, CC(C)=O, O=Cc1ccc([N+](=O)[O-])cc1",,67-64-1,555-16-8,,,,,,
xxx_0180,CC(=O)CC(c1ccccc1)c1c(O)c2ccccc2oc1=O,2,0.994039854,True,"O=c1cc(O)c2ccccc2o1, CC(C)=O, O=Cc1ccccc1",,67-64-1,100-52-7,,,,,,
xxx_0181,CC(=O)CCCCn1c(=O)c2c(ncn2C)n(C)c1=O,1,0.997628706,True,"CC(=O)CCCCCl, Cn1cnc2c1c(=O)[nH]c(=O)n2C",10226-30-9,83-67-0,,,,,,,
xxx_0186,CC(=O)NC(CCC(=O)O)C(=O)O,2,0.994039854,True,"O=C(O)CCBr, CCOC(=O)C(NC(C)=O)C(=O)OCC",590-92-1,1068-90-2,,,,,,,
xxx_0187,CC(=O)Nc1ccc(O)cc1,1,0.997628706,True,"CC(=O)OC(C)=O, Nc1ccc(O)cc1",108-24-7,123-30-8,,,,,,,
xxx_0188,CC(=O)Nc1ccc(OC(=O)c2ccccc2OC(C)=O)cc1,1,0.997628706,True,"CC(=O)Oc1ccccc1C(=O)Cl, CC(=O)Nc1ccc(O)cc1",5538-51-2,8055-08-1,,,,,,,
xxx_0191,CC(=O)Nc1nnc(S(N)(=O)=O)s1,1,0.997628706,True,"CC(=O)O, Nc1nnc(S(N)(=O)=O)s1",157090-22-7,14949-00-9,,,,,,,
xxx_0192,CC(=O)NCCCS(=O)(=O)O,1,0.997628706,True,"CC(=O)OC(C)=O, NCCCS(=O)(=O)O",108-24-7,3687-18-1,,,,,,,
xxx_0193,CC(=O)NO,1,0.997628706,True,CC(=O)NOCc1ccccc1,,,,,,,,,
xxx_0194,CC(=O)NS(=O)(=O)c1ccc(N)cc1,1,0.997628706,True,"CC(=O)Cl, Nc1ccc(S(N)(=O)=O)cc1",75-36-5,63-74-1,,,,,,,
xxx_0203,CC(=O)OC(C)C[N+](C)(C)C,2,0.994039854,True,"CC(=O)OC(C)=O, CC(=O)C[N+](C)(C)C",108-24-7,13429-97-5,,,,,,,
xxx_0204,CC(=O)OC[C@H]1O[C@@H](n2ccc(=O)[nH]c2=O)[C@H](OC(C)=O)[C@@H]1OC(C)=O,2,0.994039854,True,"CC(=O)OC(C)=O, CC(=O)O, CC(=O)OC(C)=O, O=c1ccn([C@@H]2O[C@H](CO)[C@@H](O)[C@H]2O)c(=O)[nH]1",108-24-7,157090-22-7,108-24-7,68184-15-6,,,,,
xxx_0205,CC(=O)OC[C@H]1O[C@@H](n2ncc(=O)[nH]c2=O)[C@H](OC(C)=O)[C@@H]1OC(C)=O,2,0.994039854,True,"CC(=O)OC(C)=O, CC(=O)O, CC(=O)OC(C)=O, O=c1cnn([C@@H]2O[C@H](CO)[C@@H](O)[C@H]2O)c(=O)[nH]1",108-24-7,157090-22-7,108-24-7,39455-15-7,,,,,
xxx_0206,CC(=O)Oc1cc(C(C)C)c(OCCN(C)C)cc1C,2,0.994039854,True,"CN(C)CCCl, CC(=O)Cl, Cc1cc(O)c(C(C)C)cc1O",107-99-3,75-36-5,2217-60-9,,,,,,
xxx_0207,CC(=O)Oc1cc(C)c(OC(C)=O)c2ccccc12,1,0.997628706,True,"CC(=O)OC(C)=O, CCOC(C)=O, Cc1cc(O)c2ccccc2c1O",108-24-7,141-78-6,481-85-6,,,,,,
xxx_0209,CC(=O)Oc1ccc(C2(c3ccc(OC(C)=O)cc3)C(=O)N(C(C)=O)c3ccccc32)cc1,3,0.986552929,True,"CC(=O)Oc1ccccc1, CC(=O)N1C(=O)C(=O)c2ccccc21, CC(=O)Oc1ccc(Br)cc1",122-79-2,574-17-4,1927-95-3,,,,,,
xxx_0210,CC(=O)Oc1ccc(C2(c3ccc(OC(C)=O)cc3)C(=O)Nc3ccccc32)cc1,2,0.994039854,True,"CC(=O)Oc1ccccc1, O=C1Nc2ccccc2C1=O, CC(=O)Oc1ccc(Br)cc1",122-79-2,84788-92-1,1927-95-3,,,,,,
xxx_0218,CC(=O)OCC(CCn1cnc2cnc(N)nc21)COC(C)=O,6,0.955960146,True,"Nc1ncc2nc[nH]c2n1, CC(=O)Cl, CC(=O)Cl, CCOC(=O)C(CCCl)C(=O)OCC",,75-36-5,75-36-5,18719-42-1,,,,,
xxx_0219,CC(=O)OCC[N+](C)(C)C,1,0.997628706,True,"CC(=O)OC(C)=O, C[N+](C)(C)CCO",108-24-7,139741-81-4,,,,,,,
xxx_0220,CC(=O)OCC1=C(C(=O)O)N2C(=O)[C@@H](NC(=O)[C@H](N)c3ccccc3)[C@H]2SC1,4,0.975,True,"CC(=O)OC(C)=O, N[C@@H]1C(=O)N2C(C(=O)O)=C(CO)CS[C@H]12, N[C@@H](C(=O)O)c1ccccc1, CC(C)(C)OC(=O)OC(=O)OC(C)(C)C",108-24-7,,,24424-99-5,,,,,
xxx_0221,CC(=O)OCC1=C(C(=O)O)N2C(=O)[C@@H](NC(=O)Cc3cccs3)[C@H]2SC1,3,0.986552929,True,"O=C(Cl)Cc1cccs1, CC(=O)Cl, [NH3+][C@@H]1C(=O)N2C(C(=O)[O-])=C(CO)CS[C@H]12",39098-97-0,75-36-5,,,,,,,
xxx_0222,CC(=O)OCC1=C(C(=O)O)N2C(=O)[C@@H](NC(=O)CSc3ccncc3)[C@H]2SC1,2,0.994039854,True,"CC(=O)OC(C)=O, O=C(O)CSc1ccncc1, N[C@@H]1C(=O)N2C(C(=O)O)=C(CO)CS[C@H]12",108-24-7,,,,,,,,
xxx_0223,CC(=O)OCCN1CCN(CCCN2c3ccccc3Sc3ccc(Cl)cc32)CC1,3,0.986552929,True,"ClCCCBr, CC(=O)OC(C)=O, CC(C)(C)OC(=O)N1CCN(CCO)CC1, Nc1ccc2c(c1)Nc1ccccc1S2",109-70-6,108-24-7,,,,,,,
xxx_0225,CC(C(=O)O)c1ccc2c(c1)[nH]c1ccc(Cl)cc12,5,0.963447071,True,"O=C(O)Cc1ccc2c(c1)[nH]c1ccccc12, COCc1ccccc1",,538-86-3,,,,,,,
xxx_0226,CC(C(O)c1ccc(O)cc1)N1CCC(Cc2ccccc2)CC1,1,0.997628706,True,"CCC(=O)c1ccc(O)cc1, c1ccc(Cc2ccncc2)cc1",70-70-2,2116-65-6,,,,,,,
xxx_0228,CC(C)(C#N)c1cc(Cn2cncn2)cc(C(C)(C)C#N)c1,1,0.997628706,True,"CC(C)(C#N)c1cc(CO)cc(C(C)(C)C#N)c1, c1nc[nH]n1",,63598-71-0,,,,,,,
xxx_0229,CC(C)(C(=O)c1cccnc1)c1cccnc1,2,0.994039854,True,"CON(C)C(=O)C(C)(C)c1cccnc1, Clc1ccc(Br)cn1",,53939-30-3,,,,,,,
xxx_0230,CC(C)(C(=O)O)c1ccc(C(O)CCCN2CCC(C(O)(c3ccccc3)c3ccccc3)CC2)cc1,5,0.963447071,True,"CC(C)(C(=O)O)c1ccc(Br)cc1, O=CCCCCl, Brc1ccccc1, BrCc1ccccc1, O=C(c1ccccc1)C1CCNCC1",32454-35-6,6139-84-0,108-86-1,100-39-0,37586-22-4,,,,
xxx_0234,CC(C)(C)C(O)/C=C/c1ccc2c(c1)OCO2,1,0.997628706,True,CC(C)(C)C(=O)/C=C/c1ccc2c(c1)OCO2,2419-68-3,,,,,,,,
xxx_0235,CC(C)(C)c1cc(C(C)(C)C)c(NC(=O)c2c[nH]c3ccccc3c2=O)cc1O,2,0.994039854,True,"O=C(O)c1c[nH]c2ccccc2c1=O, CC(C)(C)O, CC(C)(C)c1ccc(N)cc1O",34785-11-0,75-65-0,,,,,,,
xxx_0236,CC(C)(C)c1cc(-c2cc(-c3ccc(C(=O)O)cc3)ccc2OCCO)ccc1N1CCCC1,3,0.986552929,True,"O=C1OCCO1, BrCCCCBr, CC(C)(C)c1cc(Br)ccc1N, O=C(O)c1ccc(B(O)O)cc1, OB(O)c1cc(Br)ccc1O",96-49-1,110-52-1,,14047-29-1,,,,,
xxx_0237,CC(C)(C)c1cc(NC(=O)Nc2ccc(-c3cn4c(n3)sc3cc(OCCN5CCOCC5)ccc34)cc2)no1,4,0.975,True,"O=C(Cl)Oc1ccccc1, CC(C)(C)c1cc(N)no1, ClCCN1CCOCC1, O=C(CBr)c1ccc([N+](=O)[O-])cc1, Nc1nc2ccc(O)cc2s1",1885-14-9,55809-36-4,3240-94-6,99-81-0,26278-79-5,,,,
xxx_0238,CC(C)(C)c1ccc(C(=O)CCCN2CCC(OC(c3ccccc3)c3ccccc3)CC2)cc1,3,0.986552929,True,"OC(c1ccccc1)c1ccccc1, OC1CCN(Cc2ccccc2)CC1, CC(C)(C)c1ccc(C(=O)CCC(=O)O)cc1",91-01-0,4727-72-4,,,,,,,
xxx_0239,CC(C)(C)c1ccc(C(O)CCCN2CCC(C(O)(c3ccccc3)c3ccccc3)CC2)cc1,3,0.986552929,True,"Brc1ccccc1, CC(C)(C)c1ccc(C(=O)CCC(=O)O)cc1, O=C(c1ccccc1)C1CCNCC1",108-86-1,,37586-22-4,,,,,,
xxx_0240,CC(C)(C)c1ccc(CN2CCN(C(c3ccccc3)c3ccc(Cl)cc3)CC2)cc1,3,0.986552929,True,"ClCCNCCCl, N#Cc1ccc(Cl)cc1, Brc1ccccc1, O=C1CCC(=O)N1Br, Cc1ccc(C(C)(C)C)cc1",,623-03-0,108-86-1,3493-39-8,98-51-1,,,,
xxx_0244,CC(C)(C)CC(C)(C)c1ccc(OCCOCCOCCOCCOCCOCCOCCO)cc1,4,0.975,True,"OCCOCCBr, OCCOCCOCCOCCOCCO, O=S(Cl)Cl, C=C(C)CC(C)(C)C, COc1ccccc1",,4792-15-8,7719-09-7,12002-23-2,100-66-3,,,,
xxx_0248,CC(C)(C)NC[C@H](O)c1ccc(O)c(CO)c1,1,0.997628706,True,"CC(C)(C)N, O=C[C@H](O)c1ccc(O)c(CO)c1",75-64-9,,,,,,,,
xxx_0249,CC(C)(CO)[C@@H](O)C(=O)NCCC(=O)O,1,0.997628706,True,CCOC(=O)CCNC(=O)[C@H](O)C(C)(C)CO,,,,,,,,,
xxx_0250,CC(C)(CO)[C@@H](O)C(=O)NCCCO,1,0.997628706,True,"CC1(C)COC(=O)[C@@H]1O, NCCCO",,156-87-6,,,,,,,
xxx_0253,CC(C)(N)Cc1ccc(Cl)cc1,1,0.997628706,True,CC(C)(Cc1ccc(Cl)cc1)NC=O,78558-98-2,,,,,,,,
xxx_0256,CC(C)(O)CNc1nc(Nc2ccnc(C(F)(F)F)c2)nc(-c2cccc(C(F)(F)F)n2)n1,5,0.963447071,True,"CC(C)(O)CN, Nc1ccnc(C(F)(F)F)c1, O=P(Cl)(Cl)Cl, O=P(Cl)(Cl)Cl, COC(=O)c1cccc(C(F)(F)F)n1, NC(=O)NC(N)=O",2854-16-2,,10025-87-3,10025-87-3,,108-19-0,,,
xxx_0259,CC(C)(Oc1ccc(C(=O)c2ccc(Cl)cc2)cc1)C(=O)O,1,0.997628706,True,"CC(C)(Oc1ccc(C#N)cc1)C(=O)O, C1CCOC1, Clc1ccc(Br)cc1",,77392-70-2,106-39-8,,,,,,
xxx_0260,CC(C)(S)[C@@H](N)C(=O)O,1,0.997628706,True,COC(=O)[C@H](N)C(C)(C)S,,,,,,,,,
xxx_0263,CC(C)[C@H](N)C(=O)OCCOCn1cnc2c(=O)nc(N)[nH]c21,1,0.997628706,True,"CC(C)[C@H](N)C(=O)O, Nc1nc(=O)c2ncn(COCCO)c2[nH]1",16872-32-5,59277-89-3,,,,,,,
xxx_0265,CC(C)C(=O)c1c(C(C)C)nn2ccccc12,3,0.986552929,True,"CC(C)C(=O)Cl, OB(O)C1CC1, Clc1cc2ccccn2n1",120126-85-4,,,,,,,,
xxx_0266,CC(C)C(=O)Nc1ccc([N+](=O)[O-])c(C(F)(F)F)c1,1,0.997628706,True,"CC(C)C(=O)Cl, Nc1ccc([N+](=O)[O-])c(C(F)(F)F)c1",120126-85-4,393-11-3,,,,,,,
xxx_0269,CC(C)C[C@H](CN)CC(=O)O,1,0.997628706,True,CCOC(=O)C[C@@H](CN)CC(C)C,,,,,,,,,
xxx_0273,CC(C)C[C@H](NC(=O)[C@H](CCc1ccccc1)NC(=O)CN1CCOCC1)C(=O)N[C@@H](Cc1ccccc1)C(=O)N[C@@H](CC(C)C)C(=O)[C@@]1(C)CO1,4,0.975,True,"COC(=O)[C@@H](N)CC(C)C, CC(C)C[C@H](N)C(=O)[C@@]1(C)CO1, CC(C)(C)OC(=O)OC(=O)OC(C)(C)C, N[C@@H](Cc1ccccc1)C(=O)O, C1COCCN1, O=C(Cl)CCl, N[C@@H](CCc1ccccc1)C(=O)O",2666-93-5,,24424-99-5,5297-02-9,110-91-8,79-04-9,,,
xxx_0274,CC(C)C[C@H](NC(=O)CNC(=O)c1cc(Cl)ccc1Cl)B(O)O,1,0.997628706,True,"O=C(O)CNC(=O)c1cc(Cl)ccc1Cl, CC(C)C[C@H](N)B(O)O",,,,,,,,,
xxx_0277,CC(C)c1c(O)cc(/C=C/c2ccccc2)cc1O,1,0.997628706,True,"CC(C)O, Oc1cc(O)cc(/C=C/c2ccccc2)c1",8013-70-5,22139-77-1,,,,,,,
xxx_0278,CC(C)c1ccc2oc3nc(N)c(C(=O)O)cc3c(=O)c2c1,2,0.994039854,True,"CCOC(=O)CC#N, CC(C)c1ccc2occ(C#N)c(=O)c2c1, C1CCNCC1",105-56-6,,110-89-4,,,,,,
xxx_0281,CC(C)Cc1ccc(CC(=O)O)cc1,1,0.997628706,True,CCOC(=O)Cc1ccc(CC(C)C)cc1,15649-02-2,,,,,,,,
xxx_0282,CC(C)CN(C[C@@H](O)[C@H](Cc1ccccc1)NC(=O)O[C@H]1CCOC1)S(=O)(=O)c1ccc(N)cc1,6,0.955960146,True,"Nc1ccc(S(=O)(=O)O)cc1, O=C(Cl)O[C@H]1CCOC1, CC(C)CN, CC(C)(C)OC(=O)OC(=O)OC(C)(C)C, N[C@@H](Cc1ccccc1)[C@H](O)CCl",121-57-3,,78-81-9,24424-99-5,,,,,
xxx_0285,CC(C)Cn1cnc2c(N)nc3ccccc3c21,1,0.997628706,True,CC(C)Cn1cnc2cnc3ccccc3c21,,,,,,,,,
xxx_0286,CC(C)COc1ccc(CNC(=O)N(Cc2ccc(F)cc2)C2CCN(C)CC2)cc1,1,0.997628706,True,"CC(C)COc1ccc(CN=C=O)cc1, CN1CCC(NCc2ccc(F)cc2)CC1",,,,,,,,,
xxx_0287,CC(C)COCC(CN(Cc1ccccc1)c1ccccc1)N1CCCC1,6,0.955960146,True,"BrCCCCBr, O=C1NC(=O)c2ccccc21, CC(C)CO, O=C(OO)c1cccc(Cl)c1, C=CCBr, c1ccc(CNc2ccccc2)cc1",110-52-1,85-41-6,68989-27-5,937-14-4,106-95-6,103-32-2,,,
xxx_0288,CC(C)N(CCCCOCC(=O)NS(C)(=O)=O)c1cnc(-c2ccccc2)c(-c2ccccc2)n1,4,0.975,True,"CS(=O)(=O)NC(=O)CCl, CC(C)NCCCCO, C1=COCCC1, O=P(Cl)(Cl)Cl, Oc1cnc(-c2ccccc2)c(-c2ccccc2)n1",,,110-87-2,10025-87-3,,,,,
xxx_0289,CC(C)n1c(=O)cc(N[C@@H](C)c2ccccc2)[nH]c1=O,1,0.997628706,True,"CC(C)n1c(=O)cc(Cl)[nH]c1=O, C[C@H](N)c1ccccc1",,137577-63-0,,,,,,,
xxx_0290,CC(C)n1nccc1-c1ncccc1COc1cccc(O)c1C=O,1,0.997628706,True,"CC(C)n1nccc1-c1ncccc1CCl, O=Cc1c(O)cccc1O",,,,,,,,,
xxx_0291,CC(C)NC(=O)COc1cccc(-c2nc(Nc3ccc4[nH]ncc4c3)c3ccccc3n2)c1,2,0.994039854,True,"CC(C)NC(=O)CCl, CC1(C)OB(c2cccc(O)c2)OC1(C)C, Nc1ccc2[nH]ncc2c1, Clc1nc(Cl)c2ccccc2n1",2895-21-8,214360-76-6,19335-11-6,607-68-1,,,,,
xxx_0292,CC(C)NC(C)Cc1ccc(I)cc1,2,0.994039854,True,"CC(C)N, CC(=O)Cc1ccccc1",85404-24-6,103-79-7,,,,,,,
xxx_0293,CC(C)Nc1cccnc1N1CCN(C(=O)c2cc3cc(NS(C)(=O)=O)ccc3[nH]2)CC1,2,0.994039854,True,"Nc1ccc2[nH]c(C(=O)O)cc2c1, CC(C)Nc1cccnc1N1CCNCC1",,,,,,,,,
xxx_0295,CC(C)Nc1ncccn1,1,0.997628706,True,"CC(C)N, Clc1ncccn1",85404-24-6,1722-12-9,,,,,,,
xxx_0296,CC(C)NCC(O)c1ccc2ccccc2c1,1,0.997628706,True,"CC(C)N, O=CC(=O)c1ccc2ccccc2c1",85404-24-6,22115-06-6,,,,,,,
xxx_0297,CC(C)NCCCC1(C(N)=O)c2ccccc2-c2ccccc21,3,0.986552929,True,"CC(C)=O, NC(=O)C1c2ccccc2-c2ccccc21, C=CC#N",67-64-1,7471-95-6,63908-52-1,,,,,,
xxx_0304,CC(C)Oc1ccc(-c2nc(-c3cccc4c3CC[C@@H]4NCCO)no2)cc1C#N,4,0.975,True,"CC(C)Oc1ccc(C(=O)O)cc1C#N, COC(=O)CBr, N#Cc1cccc2c1CC[C@@H]2N, O=C1c2ccccc2C(=O)N1O",,96-32-2,,524-38-9,,,,,
xxx_0307,CC(C[N+](C)(C)C)OC(N)=O,2,0.994039854,True,"O=C=NC(=O)C(Cl)(Cl)Cl, CC(=O)C[N+](C)(C)C",3019-71-4,13429-97-5,,,,,,,
xxx_0310,CC(CC(c1ccccc1)c1ccccc1)NC(C)(C)C,3,0.986552929,True,"CC(C)(C)N, O=C(O)CC(c1ccccc1)c1ccccc1, O=C(O)CC(=O)O, O=C(n1ccnc1)n1ccnc1",75-64-9,606-83-7,141-82-2,128456-94-0,,,,,
xxx_0311,CC(Cc1ccc2c(c1)OCO2)NCC(O)c1ccc(O)c(O)c1,2,0.994039854,True,"CC(=O)Cc1ccc2c(c1)OCO2, NCC(=O)c1ccc(O)c(O)c1",4676-39-5,,,,,,,,
xxx_0312,CC(Cc1ccccc1)NCCC(c1ccccc1)c1ccccc1,1,0.997628706,True,"CC(=O)Cc1ccccc1, NCCC(c1ccccc1)c1ccccc1",103-79-7,,,,,,,,
xxx_0313,CC(CCc1ccccc1)NCC(O)c1ccc(O)c(C(N)=O)c1,6,0.955960146,True,"CC(=O)CCc1ccccc1, COc1ccc(C(C)=O)cc1C#N",2550-26-7,,,,,,,,
xxx_0314,CC(CN(C)C)CN1c2ccccc2CCc2ccccc21,5,0.963447071,True,"N#Cc1ccccc1F, CCOCC, Fc1ccccc1CBr, C=C(C)C#N, CNC=O",394-47-8,60-29-7,446-48-0,25067-61-2,123-39-7,,,,
xxx_0315,CC(CN(C)C)CN1c2ccccc2Sc2ccccc21,5,0.963447071,True,"Fc1ccccc1Cl, Fc1ccccc1S, C=C(C)C#N, CNC=O",348-51-6,,25067-61-2,123-39-7,,,,,
xxx_0317,CC(CN1c2ccccc2Sc2ccccc21)N(C)C.Cn1c(=O)c2[nH]c(Cl)nc2n(C)c1=O,1,0.997628706,True,"Cn1c(=O)c2[nH]cnc2n(C)c1=O, O=C1CCC(=O)N1Cl",58-55-9,128-09-6,,,,,,,
xxx_0318,CC(CN1CC(=O)NC(=O)C1)N1CC(=O)NC(=O)C1,2,0.994039854,True,"O=C1CNCC(=O)N1, CC(=O)CCl, O=C1CNCC(=O)N1",4774-22-5,78-95-5,4774-22-5,,,,,,
xxx_0319,CC(CNC1CCCCC1)OC(=O)c1ccccc1,3,0.986552929,True,"O=C(Cl)c1ccccc1, NC1CCCCC1, CC(=O)CCl",98-88-4,157973-60-9,78-95-5,,,,,,
xxx_0320,CC(COc1ccccc1)N(CCCl)Cc1ccccc1,1,0.997628706,True,"CC(=O)COc1ccccc1, ClCCNCc1ccccc1",621-87-4,42074-16-8,,,,,,,
xxx_0321,CC(COc1ccccc1)NC(C)C(O)c1ccc(O)cc1,3,0.986552929,True,"CC(=O)COc1ccccc1, COc1ccc(C(=O)C(C)=NO)cc1",621-87-4,,,,,,,,
xxx_0322,CC(COc1ccccc1)NN,3,0.986552929,True,"Oc1ccccc1, CC(=O)CCl, CC(C)(C)OC(=O)NN",1336-35-2,78-95-5,870-46-2,,,,,,
xxx_0323,CC(N)C(O)c1ccccc1,1,0.997628706,True,CC(=NO)C(=O)c1ccccc1,,,,,,,,,
xxx_0324,CC(N)C12CC3CC(CC(C3)C1)C2,1,0.997628706,True,CC(=NO)C12CC3CC(CC(C3)C1)C2,,,,,,,,,
xxx_0325,CC(N)Cc1ccccc1.C[C@H](N)Cc1ccccc1.C[C@H](N)Cc1ccccc1,1,0.997628706,True,CC(=Cc1ccccc1)[N+](=O)[O-],,,,,,,,,
xxx_0326,CC(NC(C)(C)C)C(=O)c1cccc(Cl)c1,1,0.997628706,True,"CC(=O)C(=O)c1cccc(Cl)c1, CC(C)(C)N",,75-64-9,,,,,,,
xxx_0328,CC(O)C(=O)[O-].[Na+],2,0.994039854,True,CCC(=O)OC,554-12-1,,,,,,,,
xxx_0329,CC(O)C(=O)O.N,1,0.997628706,True,CC(=O)C(=O)O,1892-67-7,,,,,,,,
xxx_0330,CC(O)c1cc(C(=O)N[C@@H](C)Cn2ccc(-c3ccc(C#N)c(Cl)c3)n2)n[nH]1,2,0.994039854,True,"CC(=O)c1cc(C(=O)O)[nH]n1, C[C@@H](CO)NC(=O)OC(C)(C)C, N#Cc1ccc(-c2ccn[nH]2)cc1Cl",,79069-13-9,,,,,,,
xxx_0331,CC(O)Cn1cnc2c1c(=O)n(C)c(=O)n2C,1,0.997628706,True,CC(=O)Cn1cnc2c1c(=O)n(C)c(=O)n2C,10226-64-9,,,,,,,,
xxx_0333,CC(Oc1c(Cl)cccc1Cl)C1=NCCN1,3,0.986552929,True,"NCCN, Fc1c(Cl)cccc1Cl, CC(=O)C#N",107-15-3,2268-05-5,631-57-2,,,,,,
xxx_0342,CC[C@@H](c1cccc(O)c1)[C@@H](C)CN(C)C,1,0.997628706,True,CC[C@@H](c1cccc(OC)c1)[C@@H](C)CN(C)C,,,,,,,,,
xxx_0344,CC[C@@H](CO)NCCN[C@@H](CC)CO,1,0.997628706,True,"CC[C@@H](CO)NCC(=O)O, CC[C@H](N)CO",,,,,,,,,
xxx_0355,CC[C@H](Nc1ncnc2[nH]cnc12)c1nc2cccc(F)c2c(=O)n1-c1ccccc1,2,0.994039854,True,"CC[C@H](Nc1ncnc2[nH]cnc12)C(=O)O, Nc1cccc(F)c1C(=O)Nc1ccccc1",,,,,,,,,
xxx_0359,CC[N+](C)(C)CCC(C(N)=O)(c1ccccc1)c1ccccc1,3,0.986552929,True,"N#CC(c1ccccc1)c1ccccc1, CC[N+](C)(C)CCO",86-29-3,,,,,,,,
xxx_0360,CC[N+](C)(C)CCOC(=O)C(O)(c1ccccc1)c1ccccc1,1,0.997628706,True,"O=C(O)C(O)(c1ccccc1)c1ccccc1, CC[N+](C)(C)CCO",76-93-7,,,,,,,,
xxx_0368,CC1(C)CC(=O)N(CCCCN2CCN(c3ncccn3)CC2)C(=O)C1,1,0.997628706,True,"CC1(C)CC(=O)OC(=O)C1, NCCCCN1CCN(c2ncccn2)CC1",4160-82-1,,,,,,,,
xxx_0372,CC1(C)CCC(CN2CCN(c3ccc(C(=O)NS(=O)(=O)c4ccc(NCC5CCOCC5)c([N+](=O)[O-])c4)c(Oc4cnc5[nH]ccc5c4)c3)CC2)=C(c2ccc(Cl)cc2)C1,5,0.963447071,True,"C1CNCCN1, NCC1CCOCC1, Brc1cnc2[nH]ccc2c1, NS(=O)(=O)c1ccc(Cl)c([N+](=O)[O-])c1, O=C(Cl)c1ccc(F)cc1O, O=S(Cl)Cl, CC1(C)CCC(C=O)=C(Cl)C1, OB(O)c1ccccc1",8017-90-1,,,97-09-6,,7719-09-7,,98-80-6,
xxx_0373,CC1(C)NC(=O)N(c2ccc([N+](=O)[O-])c(C(F)(F)F)c2)C1=O,1,0.997628706,True,"CC1(C)NC(=O)NC1=O, O=[N+]([O-])c1ccc(Cl)cc1C(F)(F)F",25154-41-0,118-83-2,,,,,,,
xxx_0374,CC1(C)O[C@@H]2[C@@H](CO[C@@]3(COS(N)(=O)=O)OC(C)(C)O[C@@H]23)O1,3,0.986552929,True,"NS(=O)(=O)Oc1ccccc1, COC(C)(C)OC, COC(C)(C)OC, OC[C@@]1(O)OC[C@@H](O)[C@@H](O)[C@@H]1O",,77-76-9,77-76-9,7660-25-5,,,,,
xxx_0377,CC1(C)S[C@@H]2[C@H](NC(=O)C3(N)CCCCC3)C(=O)N2[C@H]1C(=O)O,1,0.997628706,True,"NC1(C(=O)O)CCCCC1, CC1(C)S[C@@H]2[C@H](N)C(=O)N2[C@H]1C(=O)O",2756-85-6,551-16-6,,,,,,,
xxx_0378,Cc1[nH]c2ccccc2c1CCNCc1ccc(/C=C/C(=O)NO)cc1,2,0.994039854,True,"Cc1[nH]c2ccccc2c1CCN, COC(=O)/C=C/c1ccc(C=O)cc1, O=C1c2ccccc2C(=O)N1O",2731-06-8,,524-38-9,,,,,,
xxx_0379,Cc1[nH]cnc1CN1CCc2c(c3ccccc3n2C)C1=O,2,0.994039854,True,"Cc1[nH]cnc1C(=O)O, Cn1c2c(c3ccccc31)C(=O)NCC2",1457-59-6,,,,,,,,
xxx_0381,CC1=C(C(=O)O)N2C(=O)[C@@H](NC(=O)[C@H](N)c3ccc(O)cc3)[C@H]2SC1,1,0.997628706,True,"N[C@@H](C(=O)O)c1ccc(O)cc1, CC1=C(C(=O)O)N2C(=O)[C@@H](N)[C@H]2SC1",22818-40-2,26395-99-3,,,,,,,
xxx_0382,CC1=C(C(=O)O)N2C(=O)[C@@H](NC(=O)[C@H](N)c3ccccc3)[C@H]2SC1,1,0.997628706,True,"N[C@@H](C(=O)O)c1ccccc1, CC1=C(C(=O)O)N2C(=O)[C@@H](N)[C@H]2SC1",,26395-99-3,,,,,,,
xxx_0383,CC1=C(C)C(=O)C(C(CCCCCC(=O)O)c2ccccc2)=C(C)C1=O,2,0.994039854,True,"Cc1cc(O)c(C)c(C)c1O, O=C(O)CCCCCC(=O)c1ccccc1",700-13-0,7472-43-7,,,,,,,
xxx_0387,CC1=NN(c2ccccc2)C(=O)C1,1,0.997628706,True,"CCOC(=O)CC(C)=O, NNc1ccccc1",141-97-9,,,,,,,,
xxx_0388,CC12CC3CC(C)(C1)CC(N)(C3)C2,5,0.963447071,True,"CC12CC3CC(CC(C3)C1)C2, O=C1c2ccccc2C(=O)N1O",768-91-2,524-38-9,,,,,,,
xxx_0389,Cc1c(C(=O)Nc2ccc(N3C[C@@H](C)O[C@@H](C)C3)nc2)cccc1-c1ccc(OC(F)(F)F)cc1,2,0.994039854,True,"C[C@@H]1CN(c2ccc(N)cn2)C[C@H](C)O1, Cc1c(Br)cccc1C(=O)O, OB(O)c1ccc(OC(F)(F)F)cc1",,,139301-27-2,,,,,,
xxx_0390,Cc1c(-c2ccc(O)cc2)n(Cc2ccc(OCCN3CCCCCC3)cc2)c2ccc(O)cc12,5,0.963447071,True,"C1CCCNCC1, COc1ccc(N)cc1, CCC(=O)c1ccc(OC)cc1, O=Cc1ccc(OCCCl)cc1",111-49-9,104-94-9,121-97-1,54373-15-8,,,,,
xxx_0392,Cc1c(Cl)c(C)[n+]([O-])c(Cl)c1-c1noc(-c2cc(O)c(O)c([N+](=O)[O-])c2)n1,2,0.994039854,True,"O=C(O)c1cc(O)c(O)c([N+](=O)[O-])c1, Cc1nc(Cl)c(C(N)=NO)c(C)c1Cl",,,,,,,,,
xxx_0393,Cc1c(F)c(N2CCNC(C)C2)cc2c1c(=O)c(C(=O)O)cn2C1CC1,7,0.952371294,True,"Cc1cnccn1, NC1CC1, CC(=O)OC(C)=O, CCOC(=O)CC(=O)OCC, Cc1c(F)c(F)cc(F)c1C(=O)O",109-08-0,765-30-0,108-24-7,145601-68-9,,,,,
xxx_0394,Cc1c(N(C)C)c(=O)n(-c2ccccc2)n1C,1,0.997628706,True,Cc1c(N)c(=O)n(-c2ccccc2)n1C,83-07-8,,,,,,,,
xxx_0395,Cc1c(N(C)CS(=O)(=O)O)c(=O)n(-c2ccccc2)n1C,1,0.997628706,True,"Cc1c(Cl)c(=O)n(-c2ccccc2)n1C, CNCS(=O)(=O)O",,23592-45-2,,,,,,,
xxx_0397,Cc1c(O)c(=O)ccn1C,1,0.997628706,True,Cc1c(OCc2ccccc2)c(=O)ccn1C,,,,,,,,,
xxx_0399,Cc1c(OCC(F)(F)F)ccnc1C[S+]([O-])c1nc2ccccc2[nH]1,2,0.994039854,True,"Cc1c(OCC(F)(F)F)ccnc1CO, Sc1nc2ccccc2[nH]1",,,,,,,,,
xxx_0401,Cc1cc(=O)n(-c2ccccc2)n1C,1,0.997628706,True,Cc1cc(=O)n(-c2ccccc2)[nH]1,942-32-5,,,,,,,,
xxx_0402,Cc1cc(C)cc(OCC2CNC(=O)O2)c1,4,0.975,True,"CN(C)C=O, Cc1cc(C)cc(O)c1, C=CCN=[N+]=[N-], O=C(OO)c1cccc(Cl)c1",68-12-2,108-68-9,,937-14-4,,,,,
xxx_0403,Cc1cc(C)nc(NS(=O)(=O)c2ccc(N)cc2)n1,2,0.994039854,True,"Cc1cc(C)nc(Cl)n1, CC(=O)Nc1ccc(S(N)(=O)=O)cc1",4472-44-0,121-61-9,,,,,,,
xxx_0407,Cc1cc(NC(=O)C2=C(O)c3ccccc3S(=O)(=O)N2C)no1,2,0.994039854,True,"Cc1cc(N)no1, COC(=O)CCl, CN1C(=O)c2ccccc2S1(=O)=O",1072-67-9,96-34-4,15448-99-4,,,,,,
xxx_0408,Cc1cc(Nc2ncc(Cl)c(Nc3ccccc3S(=O)(=O)C(C)C)n2)c(OC(C)C)cc1C1CCNCC1,2,0.994039854,True,"Cc1cc(N)c(OC(C)C)cc1C1CCNCC1, CC(C)S(=O)(=O)c1ccccc1N, Clc1ncc(Cl)c(Cl)n1",,,5750-76-5,,,,,,
xxx_0409,Cc1cc(Nc2ncnc3ccc(NC4=NC(C)(C)CO4)cc23)ccc1Oc1ccn2ncnc2c1,4,0.975,True,"CC(C)(N)CO, S=C(Cl)Cl, Nc1ccc2ncnc(Cl)c2c1, Cc1cc([N+](=O)[O-])ccc1O, Fc1ccn2ncnc2c1",189832-99-3,463-71-8,,99-53-6,,,,,
xxx_0410,Cc1cc(NS(=O)(=O)c2ccc(N)cc2)no1,1,0.997628706,True,Cc1cc(NS(=O)(=O)c2ccccc2)no1,,,,,,,,,
xxx_0411,Cc1cc(O)cc(C)c1Cl,1,0.997628706,True,COc1cc(C)c(Cl)c(C)c1,,,,,,,,,
xxx_0412,CC1CC(OC(=O)C(O)c2ccccc2)CC(C)(C)C1,2,0.994039854,True,"CCOC(C)=O, O=Cc1ccccc1, CC1=CC(=O)CC(C)(C)C1",141-78-6,100-52-7,78-59-1,,,,,,
xxx_0414,Cc1cc2c(cc1CC(=O)c1sccc1S(=O)(=O)Nc1onc(C)c1Cl)OCO2,2,0.994039854,True,"Cc1cc2c(cc1CC(=O)O)OCO2, Cc1cc(NS(=O)(=O)c2ccsc2)on1",,,,,,,,,
xxx_0415,Cc1cc2nc3c(=O)[nH]c(=O)nc-3n(C[C@H](O)[C@H](O)[C@H](O)CO)c2cc1C,2,0.994039854,True,"O=C1NC(=O)C(=NO)C(=O)N1, Cc1ccc(I)cc1C, NC[C@H](O)[C@H](O)[C@H](O)CO",87-39-8,31599-61-8,,,,,,,
xxx_0417,Cc1cc2ncc(C(=O)NCC(C)(C)NCC(=O)N3CCC[C@H]3C#N)cn2n1,1,0.997628706,True,"Cc1cc2ncc(C(=O)O)cn2n1, CC(C)(CN)NCC(=O)N1CCC[C@H]1C#N",,,,,,,,,
xxx_0418,Cc1ccc(/C(=C\CN2CCCC2)c2cccc(/C=C/C(=O)O)n2)cc1,5,0.963447071,True,"C1CCNC1, C=CC(=O)OCC, Cc1ccc(I)cc1, C#CCO, Brc1cccc(Br)n1",,140-88-5,624-31-7,107-19-7,626-05-1,,,,
xxx_0419,Cc1ccc(/C(=C\CN2CCCC2)c2ccccn2)cc1,3,0.986552929,True,"C1CCNC1, CCOC(=O)CP(=O)(OCC)OCC, Cc1ccc(C(=O)c2ccccn2)cc1",,867-13-0,78539-88-5,,,,,,
xxx_0420,Cc1ccc(=O)n(-c2ccccc2)c1,1,0.997628706,True,"Cc1ccc(=O)[nH]c1, Ic1ccccc1",91914-06-6,591-50-4,,,,,,,
xxx_0421,Cc1ccc(C(=O)c2cc(O)c(O)c([N+](=O)[O-])c2)cc1,1,0.997628706,True,"O=C(O)c1cc(O)c(O)c([N+](=O)[O-])c1, Cc1ccccc1",,3101-08-4,,,,,,,
xxx_0422,Cc1ccc(C(=O)Nc2ccc(CN3CCN(C)CC3)c(C(F)(F)F)c2)cc1C#Cc1cnc2cccnn12,4,0.975,True,"CN1CCNCC1, C#Cc1cnc2cccnn12, Cc1ccc(C(=O)O)cc1Br, O=[N+]([O-])c1ccc(CO)c(C(F)(F)F)c1",109-01-3,,7697-26-9,,,,,,
xxx_0423,Cc1ccc(C(=O)OCc2ccc([C@@H](CN)C(=O)Nc3ccc4cnccc4c3)cc2)c(C)c1,3,0.986552929,True,"Cc1ccc(C(=O)O)c(C)c1, Nc1ccc2cnccc2c1, O=C1CCC(=O)N1Br, Cc1ccc([C@@H](CN)C(=O)O)cc1",611-01-8,,3493-39-8,,,,,,
xxx_0424,Cc1ccc(C(C)C)c(O)c1,1,0.997628706,True,COc1cc(C)ccc1C(C)C,1076-56-8,,,,,,,,
xxx_0425,Cc1ccc(-c2nc3ccc(C)cn3c2CC(=O)N(C)C)cc1,4,0.975,True,"Cc1ccc(B2OC(C)(C)C(C)(C)O2)cc1, O=C1CCC(=O)N1Br, Cc1ccc2ncc(CC(=O)O)n2c1, CNC=O",195062-57-8,3493-39-8,,123-39-7,,,,,
xxx_0426,Cc1ccc(N(CC2=NCCN2)c2cccc(O)c2)cc1,7,0.952371294,True,"NCCN, CC(=O)O, O=C(O)CN(c1ccccc1)c1ccccc1",107-15-3,157090-22-7,,,,,,,
xxx_0427,Cc1ccc(-n2nccn2)c(C(=O)N2CCN(c3nc4cc(Cl)ccc4o3)CC[C@H]2C)c1,2,0.994039854,True,"Cc1ccc(-n2nccn2)c(C(=O)O)c1, C[C@@H]1CCNCCN1, Clc1ccc2oc(Cl)nc2c1",,,,,,,,,
xxx_0428,Cc1ccc(NC(=O)[C@H]2CCCN(C(=O)c3c(C)cccc3F)[C@H]2c2ccc(NC3CCCC3)cc2)cc1C(F)(F)F,4,0.975,True,"NC1CCCC1, Cc1ccc(N)cc1C(F)(F)F, Cc1cccc(F)c1C(=O)Cl, CCOC(=O)[C@H]1CCCN[C@H]1c1ccccc1",1003-03-8,65934-74-9,,,,,,,
xxx_0429,Cc1ccc(NC(=O)C2(c3ccc4c(c3)OC(F)(F)O4)CC2)nc1-c1cccc(C(=O)O)c1,2,0.994039854,True,"O=C(O)c1cccc(B(O)O)c1, O=C(O)C1(c2ccc3c(c2)OC(F)(F)O3)CC1, Cc1ccc(N)nc1Br",,,,,,,,,
xxx_0431,Cc1ccc(NC(=O)c2ccc(CN3CCN(C)CC3)cc2)cc1Nc1nccc(-c2cccnc2)n1,2,0.994039854,True,"CS(=O)(=O)c1nccc(-c2cccnc2)n1, COC(=O)c1ccc(CN2CCN(C)CC2)cc1, Cc1ccc(N)cc1N",,,12236-56-5,,,,,,
xxx_0432,Cc1ccc(Nc2nccc(N(C)c3ccc4c(C)n(C)nc4c3)n2)cc1S(N)(=O)=O,2,0.994039854,True,"Cc1ccc(N)cc1S(N)(=O)=O, CNc1ccc2c(C)n(C)nc2c1, Clc1ccnc(Cl)n1",6973-09-7,,3934-20-1,,,,,,
xxx_0433,Cc1ccc(O)c([C@H](CCN(C(C)C)C(C)C)c2ccccc2)c1,2,0.994039854,True,"CC(C)NC(C)C, Cc1ccc(O)c([C@H](CCO)c2ccccc2)c1, O=S(Cl)Cl",108-18-9,,7719-09-7,,,,,,
xxx_0434,Cc1ccc(Sc2ccccc2N2CCNCC2)c(C)c1,1,0.997628706,True,"Cc1ccc(S)c(C)c1, Nc1ccccc1N1CCNCC1",13616-82-5,,,,,,,,
xxx_0435,Cc1cccc(CN2CCN(C(c3ccccc3)c3ccc(Cl)cc3)CC2)c1,3,0.986552929,True,"Cc1cccc(CN2CCNCC2)c1, O=C(Cl)c1ccc(Cl)cc1, c1ccccc1",5321-48-2,122-01-0,27271-55-2,,,,,,
xxx_0436,Cc1cccc(N(C)C(=S)Oc2ccc3ccccc3c2)c1,2,0.994039854,True,"Oc1ccc2ccccc2c1, CN(C(=S)Cl)c1ccccc1",135-19-3,,,,,,,,
xxx_0437,Cc1cccc(N2CC(CO)OC2=O)c1,4,0.975,True,"Cc1cccc(NCCO)c1, CCOC(=O)Cl, CC(=O)COCc1ccccc1",102-41-0,52803-29-9,,,,,,,
xxx_0440,Cc1ccccc1N1CCN(CCc2nnc3n2CCCC3)CC1,1,0.997628706,True,"OCCc1nnc2n1CCCC2, Cc1ccccc1N1CCNCC1",,39512-51-1,,,,,,,
xxx_0441,Cc1cccn2c(=O)c(-c3nnn[nH]3)cnc12,3,0.986552929,True,"C[Si](C)(C)N=[N+]=[N-], Cc1cccn2c(=O)ccnc12",150059-64-6,,,,,,,,
xxx_0443,Cc1ccnc(NS(=O)(=O)c2ccc(N)cc2)n1,1,0.997628706,True,"Cc1ccnc(Cl)n1, Nc1ccc(S(N)(=O)=O)cc1",,63-74-1,,,,,,,
xxx_0445,Cc1cn([C@@H]2C[C@@H](O)[C@H](CO)O2)c(=O)[nH]c1=O,1,0.997628706,True,O=c1ccn([C@@H]2C[C@@H](O)[C@H](CO)O2)c(=O)[nH]1,,,,,,,,,
xxx_0447,Cc1cn([C@H]2C=C[C@@H](CO)O2)c(=O)[nH]c1=O,1,0.997628706,True,O=c1ccn([C@H]2C=C[C@@H](CO)O2)c(=O)[nH]1,5974-93-6,,,,,,,,
xxx_0448,Cc1cn(-c2cc(NC(=O)c3ccc(C)c(Nc4nccc(-c5cccnc5)n4)c3)cc(C(F)(F)F)c2)cn1,2,0.994039854,True,"Cc1cn(-c2cc(N)cc(C(F)(F)F)c2)cn1, Cc1ccc(C(=O)O)cc1N, Clc1nccc(-c2cccnc2)n1",,2458-12-0,,,,,,,
xxx_0449,CC1CN(c2cc3c(cc2F)c(=O)c(C(=O)O)cn3-c2ccc(F)cc2F)CCN1,6,0.955960146,True,"Cc1cnccn1, Nc1ccc(F)cc1F, CCOC(OCC)OCC, CCOC(=O)OCC, CC(=O)c1cc(F)c(Cl)cc1Cl",109-08-0,367-25-9,108055-42-1,105-58-8,704-10-9,,,,
xxx_0450,Cc1cn[nH]c1,1,0.997628706,True,Cc1cnn(C(=O)OC(C)(C)C)c1,,,,,,,,,
xxx_0453,Cc1cnc(Nc2ccc(OCCN3CCCC3)cc2)nc1Nc1cccc(S(=O)(=O)NC(C)(C)C)c1,2,0.994039854,True,"Cc1cnc(N)nc1Cl, CC(C)(C)NS(=O)(=O)c1cccc(N)c1, ClCCN1CCCC1, Oc1ccc(Br)cc1",,608523-94-0,5050-41-9,106-41-2,,,,,
xxx_0455,CC1COc2c(N3CCN(C)CC3)c(F)cc3c(=O)c(C(=O)O)cn1c23,3,0.986552929,True,"CN1CCNCC1, CCOC=C(C(=O)OCC)C(=O)OCC, CC(=O)COc1c([N+](=O)[O-])ccc(F)c1F",109-01-3,87-13-8,82419-32-7,,,,,,
xxx_0456,Cc1nc([N+](=O)[O-])cn1-c1ccc([N+](=O)[O-])cc1,1,0.997628706,True,"Cc1nc([N+](=O)[O-])c[nH]1, O=[N+]([O-])c1ccc(F)cc1",,350-46-9,,,,,,,
xxx_0457,Cc1nc(=O)c2cc(CN(C)c3ccc(C(=O)N[C@@H](CCC(=O)O)C(=O)O)s3)ccc2[nH]1,6,0.955960146,True,"CC(C)(C)OC(=O)[C@@H](N)CCC(=O)O, CCOC(=O)c1ccc(Br)s1, Cc1nc(=O)c2cc(CO)ccc2[nH]1, CNC(C)=O",25456-75-1,,,79-16-3,,,,,
xxx_0458,Cc1nc(C(=O)NCC(=O)O)c(O)c2ccc(Oc3ccccc3)cc12,7,0.952371294,True,"NCC(=O)O, C[Sn](C)(C)C, O=C1CCC(=O)N1Br, COC(=O)CNS(=O)(=O)c1ccc(C)cc1, O=C1CCC(=O)N1Br, COC(=O)c1ccc(F)cc1C, Oc1ccccc1",32817-15-5,594-27-4,3493-39-8,,3493-39-8,,1336-35-2,,
xxx_0459,Cc1nc(-c2ccc(OCC(C)C)c(C#N)c2)sc1C(=O)O,2,0.994039854,True,"Cc1nc(Br)sc1C(=O)O, CC(C)CBr, CC1(C)OB(c2ccc(O)c(C#N)c2)OC1(C)C",,78-77-3,,,,,,,
xxx_0460,Cc1nc(NC(=O)N2CCC[C@H]2C(N)=O)sc1-c1ccnc(C(C)(C)C(F)(F)F)c1,2,0.994039854,True,"CC(C)(c1cc(O)ccn1)C(F)(F)F, Cc1csc(NC(=O)Oc2ccccc2)n1, NC(=O)[C@@H]1CCCN1",,,,,,,,,
xxx_0461,Cc1nc(Nc2ncc(C(=O)Nc3c(C)cccc3Cl)s2)cc(N2CCN(CCO)CC2)n1,2,0.994039854,True,"Cc1nc(Cl)cc(Cl)n1, OCCN1CCNCC1, CCO/C=C/C(=O)Nc1c(C)cccc1Cl, NC(N)=S",1780-26-3,5712-71-0,,62-56-6,,,,,
xxx_0463,Cc1ncc(CO)c(CO)c1O,1,0.997628706,True,Cc1ncc(CO)c(C=O)c1O,66-72-8,,,,,,,,
xxx_0465,Cc1nccn1CC1CCc2c(c3ccccc3n2C)C1=O,1,0.997628706,True,"Cn1c2c(c3ccccc31)C(=O)CCC2, Cc1ncc[nH]1, CN(C)CN(C)C",,693-98-1,51-80-9,,,,,,
xxx_0466,CC1NCCOC1c1ccccc1,5,0.963447071,True,"O=C(Cl)CCl, CC[N+](=O)[O-], O=Cc1ccccc1",79-04-9,79-24-3,100-52-7,,,,,,
xxx_0468,Cc1nnc(NS(=O)(=O)c2ccc(N)cc2)s1,2,0.994039854,True,"Cc1nnc(N)s1, Nc1ccc(S(=O)(=O)O)cc1",108-33-8,121-57-3,,,,,,,
xxx_0469,Cc1nnc(SCC2=C(C(=O)O)N3C(=O)[C@@H](NC(=O)Cn4cnnn4)[C@H]3SC2)s1,4,0.975,True,"O=C(Cl)Cn1cnnn1, Cc1n[nH]c(=S)s1, CC(=O)Cl, [NH3+][C@@H]1C(=O)N2C(C(=O)[O-])=C(CO)CS[C@H]12",,29490-19-5,75-36-5,,,,,,
xxx_0470,Cc1noc(NS(=O)(=O)c2ccc(N)cc2)c1C,2,0.994039854,True,"Cc1noc(N)c1C, Nc1ccc(S(=O)(=O)O)cc1",19947-75-2,121-57-3,,,,,,,
xxx_0473,Cc1oncc1C(=O)Nc1ccc(C(F)(F)F)cc1,1,0.997628706,True,"Cc1oncc1C(=O)O, Nc1ccc(C(F)(F)F)cc1",,455-14-1,,,,,,,
xxx_0478,CCC(=O)N1CC[C@H](Nc2ncnc3c2CN(c2cnc(OC)c(C(F)(F)F)c2)CC3)C1,3,0.986552929,True,"CCC(=O)N1CC[C@H](N)C1, Clc1ncnc2c1CNCC2, COc1ncccc1C(F)(F)F",,,121643-44-5,,,,,,
xxx_0479,CCC(=O)NCC[C@@H]1CCc2ccc3c(c21)CCO3,1,0.997628706,True,"CCC(=O)Cl, NCC[C@@H]1CCc2ccc3c(c21)CCO3",79-03-8,,,,,,,,
xxx_0482,CCC(C(=O)NC(N)=O)c1ccccc1,3,0.986552929,True,"NC(N)=O, O=C(O)Cc1ccccc1",4744-36-9,103-82-2,,,,,,,
xxx_0483,CCC(C)(C)c1ccc(CC(C)CN2C[C@@H](C)O[C@@H](C)C2)cc1,3,0.986552929,True,"C[C@@H]1CNC[C@H](C)O1, CCC=O, CCC(C)(C)c1ccc(C=O)cc1",,123-38-6,,,,,,,
xxx_0484,CCC(C)C(C)(COC(N)=O)COC(N)=O,7,0.952371294,True,"O=C=NC(=O)C(Cl)(Cl)Cl, O=C=NC(=O)C(Cl)(Cl)Cl, CCOC(=O)C(C)(C(=O)OCC)C(C)C",3019-71-4,3019-71-4,58447-69-1,,,,,,
xxx_0485,CCC(C)C1(CC)C(=O)NC(=O)NC1=O,1,0.997628706,True,C/C=C(\C)C1(CC)C(=O)NC(=O)NC1=O,16468-98-7,,,,,,,,
xxx_0486,CCC(c1ccccc1)c1c(O)c2ccccc2oc1=O,2,0.994039854,True,"O=c1cc(O)c2ccccc2o1, CCC(=O)c1ccccc1",,93-55-0,,,,,,,
xxx_0490,CCC/N=C1\S/C(=C\c2ccc(OC[C@H](O)CO)c(Cl)c2)C(=O)N1c1ccccc1C,1,0.997628706,True,"CCC/N=C1\SCC(=O)N1c1ccccc1C, O=Cc1ccc(OC[C@H](O)CO)c(Cl)c1",,,,,,,,,
xxx_0493,CCC1(C)OC(=O)N(C)C1=O,1,0.997628706,True,CN1C(=O)OC(C)(C)C1=O,127-48-0,,,,,,,,
xxx_0496,CCC1(c2ccccc2)C(=O)NC(=O)N(C)C1=O,2,0.994039854,True,"CCC(C(=O)O)(C(=O)O)c1ccccc1, CNC(=O)NCc1ccccc1",1636-25-5,6957-05-7,,,,,,,
xxx_0497,CCC1(c2ccccc2)C(=O)NC(=O)NC1=O.CNC(C)CC1CCCCC1,2,0.994039854,True,"CC(=O)CC1CCCCC1, CNC(C)=O",103-78-6,79-16-3,,,,,,,
xxx_0501,CCC1(CC)C(=O)NC(=O)N(C)C1=O,1,0.997628706,True,"CCC(CC)(C(=O)O)C(=O)O, CNC(N)=O",510-20-3,598-50-5,,,,,,,
xxx_0502,CCC1(CC)C(=O)NCC(C)C1=O,1,0.997628706,True,CCC1(CC)C(=O)CCNC1=O,77-03-2,,,,,,,,
xxx_0504,CCc1c(C)[nH]c2c1C(=O)C(CN1CCOCC1)CC2,2,0.994039854,True,"C1COCCN1, CCc1c(C)[nH]c2c1C(=O)CCC2",110-91-8,6116-76-3,,,,,,,
xxx_0507,CCc1cc(C(N)=S)ccn1,1,0.997628706,True,CCc1cc(C#N)ccn1,1531-18-6,,,,,,,,
xxx_0509,CCc1cc2c(s1)N(C)C(=O)CN=C2c1ccccc1Cl,6,0.955960146,True,"CC(=O)Cl, CNc1cccs1, O=C1CCC(=O)N1Cl, CCOC(=O)CN, O=Cc1ccccc1Cl",75-36-5,,128-09-6,,35913-09-8,,,,
xxx_0510,CCc1nc(C(N)=O)c(Nc2ccc(N3CCC(N4CCN(C)CC4)CC3)c(OC)c2)nc1NC1CCOCC1,3,0.986552929,True,"CCc1nc(C(N)=O)c(Cl)nc1Cl, NC1CCOCC1, COc1cc([N+](=O)[O-])ccc1F, CN1CCN(C2CCNCC2)CC1",,,,99726-99-5,,,,,
xxx_0511,CCc1nn(CCCN2CCN(c3cccc(Cl)c3)CC2)c(=O)n1CCOc1ccccc1,2,0.994039854,True,"CCc1n[nH]c(=O)n1CCOc1ccccc1, BrCCCBr, Clc1cccc(N2CCNCC2)c1",95885-13-5,625084-38-0,6640-24-0,,,,,,
xxx_0512,CCc1oc2ccccc2c1C(=O)c1cc(Br)c(O)c(Br)c1,2,0.994039854,True,"CCc1cc2ccccc2o1, O=C(O)c1ccc(O)c(Br)c1",3131-63-3,14348-41-5,,,,,,,
xxx_0513,CCc1oc2ccccc2c1C(=O)c1cc(I)c(O)c(I)c1,2,0.994039854,True,"CCc1oc2ccccc2c1C(=O)O, Oc1ccccc1I",,30587-23-6,,,,,,,
xxx_0514,CCc1oc2ccccc2c1C(=O)c1ccc(O)cc1,1,0.997628706,True,"O=C(O)c1ccc(O)cc1, CCc1cc2ccccc2o1",99-96-7,3131-63-3,,,,,,,
xxx_0515,CCCC(=O)OCOC(=O)C1=C(C)NC(C)=C(C(=O)OC)C1c1cccc(Cl)c1Cl,3,0.986552929,True,"CCCC(=O)OCCl, COC(=O)CC(C)=O, O=Cc1cccc(Cl)c1Cl, COC(=O)/C=C(/C)N",33657-49-7,105-45-3,6334-18-5,,,,,,
xxx_0516,CCCC(C(=O)c1ccc(C)cc1)N1CCCC1,3,0.986552929,True,"C1CCNC1, Cc1ccc(B(O)O)cc1, CCCC(=O)C(=O)O",,5720-05-8,1821-02-9,,,,,,
xxx_0518,CCCC[C@H](NC(C)=O)C(=O)N[C@H]1CC(=O)NCCCC[C@@H](C(=O)O)NC(=O)[C@H](Cc2c[nH]c3ccccc23)NC(=O)[C@H](CCCNC(=N)N)NC(=O)[C@@H](Cc2ccccc2)NC(=O)[C@H](Cc2c[nH]cn2)NC1=O,7,0.952371294,True,"COC(=O)[C@@H](N)Cc1c[nH]c2ccccc12, N[C@H](Cc1ccccc1)C(=O)O, N[C@@H](Cc1c[nH]cn1)C(=O)O, NCCCC[C@H](N)C(=O)O, CCCC[C@H](NC(C)=O)C(=O)O, COC(=O)C[C@H](N)C(=O)O, COC(=O)[C@@H](N)CCCNC(=N)N, O=C(Cl)OCc1ccccc1",4299-70-1,673-06-3,,26714-32-9,,,,501-53-1,
xxx_0519,CCCc1cc(C(N)=S)ccn1,1,0.997628706,True,CCCc1cc(C#N)ccn1,33744-19-3,,,,,,,,
xxx_0521,CCCc1nn(C)c2c(=O)[nH]c(-c3cc(S(=O)(=O)N4CCN(C)CC4)ccc3OCC)nc12,4,0.975,True,"CN1CCNCC1, CCOc1ccccc1C(=O)Cl, CCCc1nn(C)c(C(N)=O)c1N",109-01-3,42926-52-3,,,,,,,
xxx_0529,CCCCC(CC)COC(=O)C(C#N)=C(c1ccccc1)c1ccccc1,3,0.986552929,True,"O=C(c1ccccc1)c1ccccc1, CCC(CC)COC(=O)CC#N",119-61-9,,,,,,,,
xxx_0530,CCCCC(CC)COC(=O)C=Cc1ccc(OC)cc1,3,0.986552929,True,"CCC(CC)CO, COc1ccc(C=CC(=O)O)cc1",97-95-0,,,,,,,,
xxx_0531,CCCCC(CC)COC(=O)c1ccc(N(C)C)cc1,4,0.975,True,"CN(C)c1ccc(C(=O)O)cc1, CCCC(=O)OCC, CCCCI",619-84-1,105-54-4,25267-27-0,,,,,,
xxx_0537,CCCCC1C(=O)N(c2ccccc2)N(c2ccc(O)cc2)C1=O,2,0.994039854,True,"CCCCC(C(=O)OCC)C(=O)OCC, c1ccc(NNc2ccccc2)cc1",133-08-4,38622-18-3,,,,,,,
xxx_0540,CCCCCc1ccc(C)cc1O,1,0.997628706,True,CCCCC(=O)c1ccc(C)cc1O,33809-52-8,,,,,,,,
xxx_0542,CCCCCCc1ccc(O)cc1O,1,0.997628706,True,CCCCCC(=O)c1ccc(O)cc1O,3144-54-5,,,,,,,,
xxx_0543,CCCCCCc1ccc(O)cc1O.Nc1c2ccccc2nc2ccccc12,1,0.997628706,True,CC(=O)Nc1c2ccccc2nc2ccccc12,23043-52-9,,,,,,,,
xxx_0547,CCCCCCCC(=O)OCC(CO)OC(=O)CCCCCCC.CCCCCCCC(=O)OCC(O)CO.CCCCCCCCCC(=O)OCC(O)CO,1,0.997628706,True,"CCCCCCCCCC(=O)O, OCC(O)CO",334-48-5,8043-29-6,,,,,,,
xxx_0549,CCCCCCCC/C=C\CCCCCCCC(=O)O.NCCO,1,0.997628706,True,N#CCO,107-16-4,,,,,,,,
xxx_0551,CCCCCCCCc1ccc(CCC(N)(CO)CO)cc1,6,0.955960146,True,"CCOC(=O)C(NC(C)=O)C(=O)OCC, CCCCCCCC(=O)O, ClCCc1ccccc1",1068-90-2,68937-74-6,1331-31-3,,,,,,
xxx_0555,CCCCCCCCCCCC(=O)OCCNC(=O)C[n+]1ccccc1,1,0.997628706,True,"O=C(O)C[n+]1ccccc1, CCCCCCCCCCCC(=O)OCCN",,,,,,,,,
xxx_0557,CCCCCCCCCCCCC[N+](C)(C)Cc1ccccc1,6,0.955960146,True,"C[N+](C)(CCO)Cc1ccccc1, C#C[Si](C)(C)C, CCCCCCCCCO",13186-75-9,1066-54-2,143-08-8,,,,,,
xxx_0566,CCCCCCCCCCCCCCCCO,1,0.997628706,True,"OCCCCCCCCCBr, CCCCCCCBr",55362-80-6,629-04-9,,,,,,,
xxx_0570,CCCCCCCCNC(C)C(O)c1ccc(SC(C)C)cc1,2,0.994039854,True,"CC(=O)C=O, CCCCCCCCN, CC(C)Br, Sc1ccc(Br)cc1",78-98-8,191113-89-0,75-26-3,106-53-6,,,,,
xxx_0571,CCCCCCNC(=N)NC(=N)N,1,0.997628706,True,"CSC(=N)N, CCCCCCNC(=N)N",72046-62-9,,,,,,,,
xxx_0573,CCCCCCOC(=O)CCC(=O)CN,1,0.997628706,True,"NCC(=O)CCC(=O)O, CCCCCCO",106-60-5,25917-35-5,,,,,,,
xxx_0574,CCCCCCOC(=O)NC(=N)c1ccc(NCc2nc3cc(C(=O)N(CCC(=O)OCC)c4ccccn4)ccc3n2C)cc1,4,0.975,True,"CCCCCCOC(=O)Cl, N=C(N)c1ccc(N)cc1, CCOC(=O)CCNc1ccccn1, Cn1c(CO)nc2cc(C(=O)O)ccc21",6092-54-2,3858-83-1,,,,,,,
xxx_0575,CCCCCN(C)CCC(O)(P(=O)(O)O)P(=O)(O)O,2,0.994039854,True,"CCCCCCl, NCCC(O)(P(=O)(O)O)P(=O)(O)O",543-59-9,40391-99-9,,,,,,,
xxx_0576,CCCCCNC(=N)N/N=C/c1c[nH]c2ccc(OC)cc12,1,0.997628706,True,"CCCCCNC(=N)NN, COc1ccc2[nH]cc(C=O)c2c1",,10601-19-1,,,,,,,
xxx_0581,CCCCN1C[C@H](O)[C@@H](O)[C@H](O)[C@H]1CO,1,0.997628706,True,"CCCCBr, OC[C@H]1NC[C@H](O)[C@@H](O)[C@@H]1O",109-65-9,19130-96-2,,,,,,,
xxx_0582,CCCCNCC(O)c1ccc(O)cc1,1,0.997628706,True,CCCCNCC(=O)c1ccc(O)cc1,,,,,,,,,
xxx_0583,CCCCOC(=O)c1ccc(N)cc1,1,0.997628706,True,CCCCOC(=O)c1ccc([N+](=O)[O-])cc1,120-48-9,,,,,,,,
xxx_0584,CCCCOCCOCCOCc1cc2c(cc1CCC)OCO2,1,0.997628706,True,"CCCCNCCCC, CCCCOCCOCCO, CCCc1ccc2c(c1)OCO2",71230-78-9,112-34-5,94-58-6,,,,,,
xxx_0585,CCCCS(=O)(=O)N[C@@H](Cc1ccc(OCCCCC2CCNCC2)cc1)C(=O)O,6,0.955960146,True,"CCCCS(=O)(=O)O, O=S(Cl)Cl, CC(C)(C)OC(=O)OC(=O)OC(C)(C)C, COC(=O)[C@@H](N)Cc1ccc(O)cc1, CC(C)(C)OC(=O)OC(=O)OC(C)(C)C, OCCCCC1CCNCC1",,7719-09-7,24424-99-5,1080-06-4,24424-99-5,,,,
xxx_0586,CCCN(CCC)C(=O)Cc1c(-c2ccc(Cl)cc2)nc2ccc(Cl)cn12,3,0.986552929,True,"CCCNCCC, CCOC(=O)C=[N+]=[N-], O=C(CBr)c1ccc(Cl)cc1, Nc1ccc(Cl)cn1",142-84-7,623-73-4,536-38-9,1072-98-6,,,,,
xxx_0587,CCCN(CCC)CCc1cccc2c1CC(=O)N2,1,0.997628706,True,"CCCI, CCCNCCc1cccc2c1CC(=O)N2",26914-02-3,,,,,,,,
xxx_0588,CCCN(CCC)S(=O)(=O)c1ccc(C(=O)O)cc1,1,0.997628706,True,"CCCBr, CCCNS(=O)(=O)c1ccc(C(=O)O)cc1",106-94-5,,,,,,,,
xxx_0589,CCCN(CCc1cccs1)[C@H]1CCc2c(O)cccc2C1,1,0.997628706,True,"O=C(O)Cc1cccs1, CCCN[C@H]1CCc2c(O)cccc2C1",1918-77-0,,,,,,,,
xxx_0592,CCCNS(=O)(=O)Nc1ncnc(OCCOc2ncc(Br)cn2)c1-c1ccc(Br)cc1,3,0.986552929,True,"CCCNS(N)(=O)=O, Clc1ncnc(Cl)c1-c1ccccc1, OCCO, CS(=O)(=O)c1ncc(Br)cn1",,,37221-95-7,38275-48-8,,,,,
xxx_0593,CCCOC(C(=O)OC1CCN(C)CC1)(c1ccccc1)c1ccccc1,2,0.994039854,True,"CCCBr, O=C(O)C(O)(c1ccccc1)c1ccccc1, CN1CCC(O)CC1",106-94-5,76-93-7,106-52-5,,,,,,
xxx_0594,CCCOc1cc(N)ccc1C(=O)OCCN(CC)CC,2,0.994039854,True,"CCN(CC)CCO, CCOc1cc(N)ccc1C(=O)O",102802-00-6,,,,,,,,
xxx_0595,CCCS(=O)(=O)Nc1ccc(F)c(C(=O)c2c[nH]c3ncc(-c4ccc(Cl)cc4)cc23)c1F,2,0.994039854,True,"CCCS(=O)(=O)Nc1ccc(F)cc1F, CN(C)C=O, OB(O)c1ccc(Cl)cc1, Brc1cnc2[nH]ccc2c1",,68-12-2,1679-18-1,,,,,,
xxx_0596,CCN(C)C(=O)Oc1cccc([C@H](C)N(C)C)c1,1,0.997628706,True,"CCN(C)C(=O)Cl, C[C@@H](c1cccc(O)c1)N(C)C",,,,,,,,,
xxx_0597,CCN(c1cc(-c2ccc(CN3CCOCC3)cc2)cc(C(=O)NCc2c(C)cc(C)[nH]c2=O)c1C)C1CCOCC1,5,0.963447071,True,"Cc1cc(C)c(CN)c(=O)[nH]1, O=C1CCOCC1, COC(=O)c1cc(Br)cc(N)c1C, C1COCCN1, BrCc1ccc(Br)cc1, CC(C)(O)C(C)(C)O, OB(O)B(O)O, CC(C)(O)C(C)(C)O, CC(=O)O",,29943-42-8,,110-91-8,589-15-1,52400-10-9,13675-18-8,52400-10-9,157090-22-7
xxx_0598,CCN(CC)C(=O)/C(C#N)=C/c1cc(O)c(O)c([N+](=O)[O-])c1,1,0.997628706,True,"CCN(CC)C(=O)CC#N, O=Cc1cc(O)c(O)c([N+](=O)[O-])c1",26391-06-0,116313-85-0,,,,,,,
xxx_0600,CCN(CC)C(=O)c1ccc(O)c(OC)c1,1,0.997628706,True,"COc1cc(C(=O)O)ccc1O, CCNCC",121-34-6,109-89-7,,,,,,,
xxx_0601,CCN(CC)C(=O)c1cccnc1,1,0.997628706,True,"O=C(Cl)c1cccnc1, CCNCC",10400-19-8,109-89-7,,,,,,,
xxx_0606,CCN(CC)CC#CCOC(=O)C(O)(c1ccccc1)C1CCCCC1,3,0.986552929,True,"CCN(CC)CC#CCO, O=C(O)C(=O)C1CCCCC1, Brc1ccccc1",10575-25-4,4354-49-8,108-86-1,,,,,,
xxx_0608,CCN(CC)CCN1C(=O)CN=C(c2ccccc2F)c2cc(Cl)ccc21,3,0.986552929,True,"CCN(CC)CCBr, C1N2CN3CN1CN(C2)C3, O=C(Cl)CCl, Nc1ccc(Cl)cc1C(=O)c1ccccc1F",5392-81-4,24911-88-4,79-04-9,784-38-3,,,,,
xxx_0609,CCN(CC)CCNC(=O)c1c(C)[nH]c(/C=C2\C(=O)Nc3ccc(F)cc32)c1C,2,0.994039854,True,"O=C1Cc2cc(F)ccc2N1, Cc1[nH]c(C=O)c(C)c1C(=O)O, CCN(CC)CCN",56341-41-4,,100-36-7,,,,,,
xxx_0610,CCN(CC)CCNC(=O)c1cc(Cl)c(N)cc1OC,1,0.997628706,True,"COC(=O)c1cc(Cl)c(N)cc1OC, CCN(CC)CCN",,100-36-7,,,,,,,
xxx_0611,CCN(CC)CCOc1ccc(C(O)(Cc2ccc(Cl)cc2)c2ccc(C)cc2)cc1,2,0.994039854,True,"CCN(CC)CCO, Cc1ccc(Cl)cc1, Cc1ccc(C(=O)c2ccc(F)cc2)cc1",102802-00-6,106-43-4,,,,,,,
xxx_0612,CCN(CC)CCOc1ccc2nc(N(C)C)sc2c1,1,0.997628706,True,"CCN(CC)CCCl, CN(C)c1nc2ccc(O)cc2s1",,943-04-4,,,,,,,
xxx_0613,CCN(Cc1ccncc1)C(=O)C(CO)c1ccccc1,3,0.986552929,True,"CCNCc1ccncc1, O=C(O)C(C(=O)O)c1ccccc1",33403-97-3,2613-89-0,,,,,,,
xxx_0614,CCN(CCCc1ccccc1)CCCc1ccccc1,1,0.997628706,True,"BrCCCc1ccccc1, CCNCCCc1ccccc1",637-59-2,,,,,,,,
xxx_0619,CCn1c(=O)c2c(nc(/C=C/c3ccc(OC)c(OC)c3)n2C)n(CC)c1=O,5,0.963447071,True,"COc1ccc(Br)cc1OC, O=S(Cl)Cl, CC(=O)O, CCOS(=O)(=O)c1ccc(C)cc1, C=CB1OC(C)(C)C(C)(C)O1, O=C1CCC(=O)N1Cl, Cn1cnc2[nH]c(=O)[nH]c(=O)c21",2859-78-1,7719-09-7,157090-22-7,80-40-0,75927-49-0,128-09-6,552-62-5,,
xxx_0621,CCN1C(=O)NC(c2ccccc2)C1=O,1,0.997628706,True,"CCN1C(=O)CNC1=O, c1ccccc1",,27271-55-2,,,,,,,
xxx_0622,CCn1cc(C(=O)O)c(=O)c2cc(F)c(N3CCN(C)CC3)cc21,2,0.994039854,True,"CN1CCNCC1, CCOC=C(C(=O)OCC)C(=O)OCC, CCNc1ccc(F)c(Cl)c1",109-01-3,87-13-8,,,,,,,
xxx_0624,CCn1cc(C(=O)O)c(=O)c2cc(F)c(N3CCNCC3)cc21,2,0.994039854,True,"C1CNCCN1, CCOC=C(C(=O)OCC)C(=O)OCC, CCNc1ccc(F)c(Cl)c1",8017-90-1,87-13-8,,,,,,,
xxx_0625,CCn1cc(C(=O)O)c(=O)c2cc(F)c(N3CCNCC3)nc21,5,0.963447071,True,"C1CNCCN1, CCOC=C(C(=O)OCC)C(=O)OCC, Nc1ccc(F)c(Cl)n1, CC(=O)O",8017-90-1,87-13-8,,157090-22-7,,,,,
xxx_0626,CCn1cc(C(=O)O)c(=O)c2cnc(N3CCNCC3)nc21,2,0.994039854,True,"C1CNCCN1, CCOC=C(C(=O)OCC)C(=O)OCC, CCNc1ccnc(Cl)n1",8017-90-1,87-13-8,,,,,,,
xxx_0628,CCn1ccc(NS(=O)(=O)c2ccc(N)cc2)nc1=O,4,0.975,True,"Nc1ccc(S(N)(=O)=O)cc1, O=c1nc(Cl)cc[nH]1, CC(=O)O",63-74-1,,157090-22-7,,,,,,
xxx_0629,CCN1CCC[C@H]1CNC(=O)c1c(OC)ccc(Br)c1OC,2,0.994039854,True,"O=C1CCC(=O)N1Br, COc1cccc(OC)c1C(=O)Cl, CCN1CCC[C@H]1CN",3493-39-8,1989-53-3,,,,,,,
xxx_0633,CCN1CCN(c2cc(-c3ccc(F)cc3)c3c(n2)CCCCCC3)CC1,4,0.975,True,"CCN1CCNCC1, OB(O)c1ccc(F)cc1, O=P(Cl)(Cl)Cl, O=c1ccc2c([nH]1)CCCCCC2",5308-25-8,1765-93-1,10025-87-3,,,,,,
xxx_0634,CCN1CCN(c2ccc(Nc3cc(N(C)C(=O)Nc4c(Cl)c(OC)cc(OC)c4Cl)ncn3)cc2)CC1,2,0.994039854,True,"COc1cc(OC)c(Cl)c(N=C=O)c1Cl, CCN1CCN(c2ccc(N)cc2)CC1, CNc1cc(Cl)ncn1",,,65766-32-7,,,,,,
xxx_0635,CCN1CCN(Cc2ccc(Nc3ncc(F)c(-c4cc(F)c5nc(C)n(C(C)C)c5c4)n3)nc2)CC1,6,0.955960146,True,"CCN1CCN(Cc2ccc(N)nc2)CC1, Fc1cnc(Cl)nc1Cl, CC(=O)O, CC(C)N, O=[N+]([O-])c1c(F)cc(Br)cc1F",,2927-71-1,157090-22-7,85404-24-6,,,,,
xxx_0641,CCNCC(O)c1cccc(O)c1,3,0.986552929,True,COc1cccc(C(=O)CNC(C)=O)c1,,,,,,,,,
xxx_0645,CCOC(=O)[C@@](C)(N)Cc1ccc(O)c(O)c1,1,0.997628706,True,COC(=O)[C@@](C)(N)Cc1ccc(O)c(O)c1,18181-08-3,,,,,,,,
xxx_0650,CCOC(=O)C1(c2ccccc2)CCN(C)CC1,1,0.997628706,True,CCOC(=O)C1(c2ccccc2)CCNCC1,,,,,,,,,
xxx_0651,CCOC(=O)C1=C(C)NC(C)=C(C(=O)OC)C1c1cccc([N+](=O)[O-])c1,1,0.997628706,True,"CCOC(=O)CC(C)=O, O=Cc1cccc([N+](=O)[O-])c1, COC(=O)/C=C(/C)N",141-97-9,99-61-6,,,,,,,
xxx_0652,CCOC(=O)C1=C(C)NC(C)=C(C(=O)OC)C1c1cccc(Cl)c1Cl,1,0.997628706,True,"CCOC(=O)CC(C)=O, O=Cc1cccc(Cl)c1Cl, COC(=O)/C=C(/C)N",141-97-9,6334-18-5,,,,,,,
xxx_0653,CCOC(=O)C1=C(COCCN)NC(C)=C(C(=O)OC)C1c1ccccc1Cl,4,0.975,True,"COC(=O)/C=C(/C)N, O=Cc1ccccc1Cl, CCOC(=O)CC(=O)CCl, O=C1c2ccccc2C(=O)N1CCO",,35913-09-8,638-07-3,143811-65-8,,,,,
xxx_0655,CCOC(=O)c1ccc(C#Cc2ccc3c(c2)C(C)(C)CCS3)nc1,1,0.997628706,True,"CCOC(=O)c1ccc(Cl)nc1, C#Cc1ccc2c(c1)C(C)(C)CCS2",49608-01-7,,,,,,,,
xxx_0656,CCOC(=O)c1ncn2c1CN(C)C(=O)c1cc(F)ccc1-2,2,0.994039854,True,"CCOC(=O)c1nc[nH]c1C=O, CNC(=O)c1cc(F)ccc1F",,,,,,,,,
xxx_0658,CCOC(=O)CN[C@@H](C(=O)N1CC[C@H]1C(=O)NCc1ccc(/C(N)=N\O)cc1)C1CCCCC1,2,0.994039854,True,"NCc1ccc(/C(N)=N\O)cc1, CCOC(=O)CN[C@@H](C(=O)O)C1CCCCC1, O=C(O)[C@@H]1CCN1",,,2133-34-8,,,,,,
xxx_0660,CCOC(=O)NC(C)(C)Cc1ccc(Cl)cc1,1,0.997628706,True,"CCOC(=O)Cl, CC(C)(N)Cc1ccc(Cl)cc1",52803-29-9,8057-30-5,,,,,,,
xxx_0661,CCOC(=O)Nc1ccc(NCc2ccc(F)cc2)cc1N,1,0.997628706,True,"CCOC(=O)Cl, Nc1ccc(NCc2ccc(F)cc2)cc1N",52803-29-9,,,,,,,,
xxx_0662,CCOC(=O)Nc1ccc(NCc2ccc(F)cc2)nc1N,1,0.997628706,True,"CCOC(=O)Cl, Nc1ccc(NCc2ccc(F)cc2)nc1N",52803-29-9,,,,,,,,
xxx_0666,CCOc1cc2ncc(C#N)c(Nc3ccc(OCc4ccccn4)c(Cl)c3)c2cc1NC(=O)/C=C/CN(C)C,7,0.952371294,True,"Nc1ccc(OCc2ccccn2)c(Cl)c1, CN(C)C/C=C/C(=O)Cl, O=P(Cl)(Cl)Cl, COc1cc2ncc(C#N)c(O)c2cc1[N+](=O)[O-], CC(=O)O",,,10025-87-3,,157090-22-7,,,,
xxx_0668,CCOc1ccc(NC(=O)CC(C)O)cc1,1,0.997628706,True,CCOc1ccc(NC(=O)CC(C)=O)cc1,122-82-7,,,,,,,,
xxx_0671,CCOc1ccccc1OC(c1ccccc1)C1CNCCO1,4,0.975,True,"CC(N)=O, CCOc1ccccc1O, O=S(Cl)Cl, OC/C=C/c1ccccc1, O=C(OO)c1cccc(Cl)c1",60-35-5,94-71-3,7719-09-7,4510-34-3,937-14-4,,,,
xxx_0672,CCOc1ccccc1OCC1CNCCO1,3,0.986552929,True,"CCOc1ccccc1O, OC(CCl)CCl, CC(N)=O",94-71-3,27988-86-9,60-35-5,,,,,,
xxx_0673,CCOc1ccccc1OCCN[C@H](C)Cc1ccc(OC)c(S(N)(=O)=O)c1,1,0.997628706,True,"CCOc1ccccc1OCCCl, COc1ccc(C[C@@H](C)N)cc1S(N)(=O)=O",,,,,,,,,
xxx_0676,CCOCCn1c(C2CCN(CCc3ccc(C(C)(C)C(=O)O)cc3)CC2)nc2ccccc21,4,0.975,True,"CC(C)(C(=O)O)c1ccc(CCO)cc1, CCOCCCl, CC(C)(C)OC(=O)N1CCC(C(=O)O)CC1, Nc1ccccc1N",,628-34-2,84358-13-4,95-54-5,,,,,
xxx_0677,CCOCCOC(=O)/C=C/c1ccc(OC)cc1,1,0.997628706,True,"CCOCCO, COc1ccc(/C=C/C(=O)O)cc1",110-80-5,830-09-1,,,,,,,
xxx_0679,CCS(=O)(=O)N1CC(CC#N)(n2cc(-c3ncnc4[nH]ccc34)cn2)C1,1,0.997628706,True,"CCS(=O)(=O)N1CC(=CC#N)C1, c1nc(-c2cn[nH]c2)c2cc[nH]c2n1",,,,,,,,,
xxx_0680,CCSc1ccc2c(c1)N(CCCN1CCN(C)CC1)c1ccccc1S2,6,0.955960146,True,"CN1CCN(CCC(=O)O)CC1, O=[N+]([O-])c1ccccc1S, Fc1cc(S)ccc1Cl, CC(=O)O",55480-45-0,4875-10-9,,157090-22-7,,,,,
xxx_0682,Cl.N=C(N)NCCC[C@H](N)C(=O)O,1,0.997628706,True,COC(=O)[C@@H](N)CCCNC(=N)N,,,,,,,,,
xxx_0685,Clc1cc(Cl)c(OCC#CI)cc1Cl,2,0.994039854,True,"C#CCBr, Oc1cc(Cl)c(Cl)cc1Cl",106-96-7,95-95-4,,,,,,,
xxx_0687,Clc1ccc2c(c1)C(c1ccccc1)=NCc1nncn1-2,2,0.994039854,True,"O=C(Cl)c1ccccc1, NCc1nncn1-c1ccc(Cl)cc1",98-88-4,,,,,,,,
xxx_0688,Clc1ccccc1CN1CCc2sccc2C1,1,0.997628706,True,"O=Cc1ccccc1Cl, c1cc2c(s1)CCNC2",35913-09-8,54903-50-3,,,,,,,
xxx_0690,CN(C(=O)C(Cl)Cl)c1ccc(OC(=O)c2ccco2)cc1,1,0.997628706,True,"O=C(Cl)C(Cl)Cl, CNc1ccc(OC(=O)c2ccco2)cc1",79-36-7,,,,,,,,
xxx_0691,CN(C)/C=N/c1c(I)cc(I)c(CCC(=O)O)c1I,7,0.952371294,True,"CCOC(C)=O, CN(C)C=O, CN(C)/C=N/c1ccccc1",141-78-6,68-12-2,1783-25-1,,,,,,
xxx_0692,CN(C)/N=N/c1[nH]cnc1C(N)=O,2,0.994039854,True,CCOC(=O)c1nc[nH]c1/N=N/N(C)C,,,,,,,,,
xxx_0693,CN(C)[C@@H](CCOc1cccc2ccccc12)c1ccccc1,1,0.997628706,True,"CN(C)[C@@H](CCO)c1ccccc1, Oc1cccc2ccccc12",,90-15-3,,,,,,,
xxx_0697,CN(C)C(=O)c1cc2cnc(Nc3ccc(N4CCNCC4)cn3)nc2n1C1CCCC1,5,0.963447071,True,"O=[N+]([O-])c1ccc(Br)cn1, CC(C)(C)OC(=O)N1CCNCC1, C#CCO, NC1CCCC1, Clc1ncc(Br)c(Cl)n1, CNC=O",39856-50-3,,107-19-7,1003-03-8,36082-50-5,123-39-7,,,
xxx_0698,CN(C)C(=O)N[C@H]1CC[C@H](CCN2CCN(c3cccc(Cl)c3Cl)CC2)CC1,1,0.997628706,True,"CN(C)C(=O)N[C@H]1CC[C@H](CC=O)CC1, Clc1cccc(N2CCNCC2)c1Cl",,,,,,,,,
xxx_0699,CN(C)C(=O)Oc1ccc[n+](C)c1,1,0.997628706,True,"CN(C)C(=O)Cl, C[n+]1cccc(O)c1",342009-25-0,,,,,,,,
xxx_0700,CN(C)C(=O)Oc1cccc([N+](C)(C)C)c1,1,0.997628706,True,"CN(C)C(=O)Cl, C[N+](C)(C)c1cccc(O)c1",342009-25-0,,,,,,,,
xxx_0701,CN(C)C/C=C(/c1ccc(Br)cc1)c1cccnc1,2,0.994039854,True,"OCC#Cc1ccc(Br)cc1, Ic1cccnc1, CNC=O",,1120-90-7,123-39-7,,,,,,
xxx_0702,CN(C)C/C=C/C(=O)Nc1cc2c(Nc3ccc(F)c(Cl)c3)ncnc2cc1O[C@H]1CCOC1,4,0.975,True,"CN(C)C/C=C/C(=O)Cl, O[C@H]1CCOC1, O=[N+]([O-])c1cc2c(Cl)ncnc2cc1F, Nc1ccc(F)c(Cl)c1",,,,367-21-5,,,,,
xxx_0708,CN(C)c1nc(N(C)C)nc(N(C)C)n1,1,0.997628706,True,CN(C)c1nc(N)nc(N(C)C)n1,2827-47-6,,,,,,,,
xxx_0709,CN(C)CC(Oc1ccccc1)Oc1ccccc1,1,0.997628706,True,CNCC(Oc1ccccc1)Oc1ccccc1,,,,,,,,,
xxx_0712,CN(C)CCC(c1ccc(Br)cc1)c1ccccn1,6,0.955960146,True,"CNC=O, CCOC(=O)CP(=O)(OCC)OCC, N#Cc1ccccn1, CCOCC, Brc1ccc(Br)cc1",123-39-7,867-13-0,29386-66-1,60-29-7,106-37-6,,,,
xxx_0713,CN(C)CCC(c1ccc(Cl)cc1)c1ccccn1,3,0.986552929,True,"O=C(c1ccc(Cl)cc1)c1ccccn1, CCOP(=O)(Cl)OCC, CNC=O",6318-51-0,814-49-3,123-39-7,,,,,,
xxx_0715,CN(C)CCc1c[nH]c2ccc(C[C@H]3COC(=O)N3)cc12,1,0.997628706,True,"CCOC(CCCN(C)C)OCC, NNc1ccc(C[C@H]2COC(=O)N2)cc1",,,,,,,,,
xxx_0716,CN(C)CCc1c[nH]c2ccc(Cn3cncn3)cc12,1,0.997628706,True,NCCc1c[nH]c2ccc(Cn3cncn3)cc12,,,,,,,,,
xxx_0717,CN(C)CCc1c[nH]c2ccc(CS(=O)(=O)N3CCCC3)cc12,3,0.986552929,True,"O=CCCCCl, Nc1ccc(CS(=O)(=O)N2CCCC2)cc1, CNC=O",6139-84-0,,123-39-7,,,,,,
xxx_0718,CN(C)CCCC1(c2ccc(F)cc2)OCc2cc(C#N)ccc21,3,0.986552929,True,"CN(C)CCCCl, O=Cc1ccc(F)cc1, N#Cc1cccc(CO)c1",,459-57-4,874-97-5,,,,,,
xxx_0720,CN(C)CCCn1c2c(c3ccccc31)CCCCCC2,3,0.986552929,True,"CN(C)CCCCl, O=C1CCCCCCC1=CO, Nc1ccccc1",,,62-53-3,,,,,,
xxx_0721,CN(C)CCCN1c2ccccc2CCc2ccc(Cl)cc21,4,0.975,True,"CN(C)CCCBr, Nc1cccc(Cl)c1, O=C(O)Cc1ccccc1Br",,108-42-9,,,,,,,
xxx_0722,CN(C)CCCN1c2ccccc2Sc2ccc(C(F)(F)F)cc21,4,0.975,True,"CN(C)CCC(=O)O, Nc1ccccc1S, Fc1ccc(C(F)(F)F)cc1F",6300-04-5,40451-21-6,32137-19-2,,,,,,
xxx_0723,CN(C)CCCN1c2ccccc2Sc2ccc(Cl)cc21,2,0.994039854,True,"CN(C)CCCBr, Nc1ccc2c(c1)Nc1ccccc1S2",,,,,,,,,
xxx_0724,CN(C)CCCN1c2ccccc2Sc2ccccc21,3,0.986552929,True,"CN(C)CCCBr, Nc1ccc2c(c1)Nc1ccccc1S2",,,,,,,,,
xxx_0725,CN(C)CCCN1c2ccccc2Sc2cccnc21,1,0.997628706,True,"CN(C)CCCCl, c1ccc2c(c1)Nc1ncccc1S2",,261-96-1,,,,,,,
xxx_0726,CN(C)CCN(Cc1cccs1)c1ccccn1,1,0.997628706,True,"CN(C)CCNCc1cccs1, Brc1ccccn1",,109-04-6,,,,,,,
xxx_0727,CN(C)CCN1C(=O)c2ccccc2N(C)c2ccccc21,1,0.997628706,True,"CN(C)CCCl, CN1c2ccccc2NC(=O)c2ccccc21",107-99-3,,,,,,,,
xxx_0728,CN(C)CCn1nnnc1SCC1=C(C(=O)O)N2C(=O)[C@@H](NC(=O)Cc3csc(N)n3)[C@H]2SC1,6,0.955960146,True,"Nc1nc(CC(=O)O)cs1, CN(C)CCn1nnnc1S, O=C(Cl)Cc1ccccc1, CC(=O)Cl, [NH3+][C@@H]1C(=O)N2C(C(=O)[O-])=C(CO)CS[C@H]12",29676-71-9,,103-80-0,75-36-5,,,,,
xxx_0729,CN(C)CCOC(=O)C(c1ccccc1)C1(O)CCCC1,2,0.994039854,True,"CN(C)CCO, O=C1CCCC1, O=C(O)Cc1ccccc1",108-01-0,120-92-3,103-82-2,,,,,,
xxx_0730,CN(C)CCOC(C)(c1ccccc1)c1ccccn1,2,0.994039854,True,"CN(C)CCCl, CC(=O)c1ccccc1, Brc1ccccn1",107-99-3,98-86-2,109-04-6,,,,,,
xxx_0731,CN(C)CCOC(c1ccc(Cl)cc1)c1ccccn1,2,0.994039854,True,"CN(C)CCCl, O=Cc1ccc(Cl)cc1, Brc1ccccn1",107-99-3,104-88-1,109-04-6,,,,,,
xxx_0732,CN(C)CCOC(c1ccccc1)c1ccc(Br)cc1,2,0.994039854,True,"CN(C)CCCl, O=Cc1ccccc1, Brc1ccc(Br)cc1",107-99-3,100-52-7,106-37-6,,,,,,
xxx_0733,CN(C)CCOC(c1ccccc1)c1ccccc1.Cn1c(=O)c2[nH]c(Cl)nc2n(C)c1=O,1,0.997628706,True,"CN(C)CCO, OC(c1ccccc1)c1ccccc1",108-01-0,91-01-0,,,,,,,
xxx_0736,CN(C/C=C/C#CC(C)(C)C)Cc1cccc2ccccc12,1,0.997628706,True,"NCCc1cccc2ccccc12, CC(C)(C)C#CC=CCBr, CN(C)C=O",4735-50-6,,68-12-2,,,,,,
xxx_0737,CN(C/C=C/c1ccccc1)Cc1cccc2ccccc12,1,0.997628706,True,"C=CCN(C)Cc1cccc2ccccc12, Brc1ccccc1",,108-86-1,,,,,,,
xxx_0738,CN(c1nccc(=O)[nH]1)C1CCN(c2nc3ccccc3n2Cc2ccc(F)cc2)CC1,2,0.994039854,True,"COc1ccnc(N(C)C2CCNCC2)n1, Fc1ccc(CCl)cc1, Clc1nc2ccccc2[nH]1",,352-11-4,4857-06-1,,,,,,
xxx_0739,CN(Cc1ccc(C(C)(C)C)cc1)Cc1cccc2ccccc12,1,0.997628706,True,"CNCc1ccc(C(C)(C)C)cc1, O=Cc1cccc2ccccc12",,30678-61-6,,,,,,,
xxx_0740,CN(CCCCCCCCCCN(C)C(=O)Oc1cccc([N+](C)(C)C)c1)C(=O)Oc1cccc([N+](C)(C)C)c1,4,0.975,True,"CNC(=O)Oc1cccc([N+](C)(C)C)c1, O=C(Cl)Cl, C[N+](C)(C)c1cccc(O)c1, OCCCCCCCCCCCl, CNC(C)=O",17752-10-2,75-44-5,,51309-10-5,79-16-3,,,,
xxx_0741,CN(CCCCCCN(C)C(=O)Oc1ccc[n+](C)c1)C(=O)Oc1ccc[n+](C)c1,3,0.986552929,True,"C[n+]1cccc(O)c1, O=C(Cl)Cl, C[n+]1cccc(O)c1, O=C(Cl)Cl, CNCCCCCCN(C)C",,75-44-5,,75-44-5,,,,,
xxx_0742,CN(CCCl)CCCl,1,0.997628706,True,CN(CCO)CCO,105-59-9,,,,,,,,
xxx_0743,CN(CCCN1c2ccccc2CCc2ccccc21)CC(=O)c1ccc(Cl)cc1,3,0.986552929,True,"CNCC(=O)c1ccc(Cl)cc1, ClCCCBr, O=C1Cc2ccccc2Nc2ccccc21",,109-70-6,,,,,,,
xxx_0744,CN(CCO)CC(O)Cn1cnc2c1c(=O)n(C)c(=O)n2C,2,0.994039854,True,"CNCCO, C=CCn1cnc2c1c(=O)n(C)c(=O)n2C, O=C(OO)c1cccc(Cl)c1",109-83-1,61444-26-6,937-14-4,,,,,,
xxx_0746,CN/C(=N\CCSCc1nc[nH]c1C)NC#N,4,0.975,True,"Cc1[nH]cnc1CS, CC(=O)Cl, CNC(=N)NC#N",,75-36-5,,,,,,,
xxx_0749,CN[C@@H]1CCc2[nH]c3ccc(C(N)=O)cc3c2C1,1,0.997628706,True,CN[C@@H]1CCc2[nH]c3ccc(C#N)cc3c2C1,,,,,,,,,
xxx_0752,CN1[C@@H]2C[C@@H](OC(=O)[C@H](CO)c3ccccc3)C[C@H]1[C@@H]1O[C@@H]12,1,0.997628706,True,"O=C(O)[C@H](CO)c1ccccc1, CN1[C@@H]2C[C@@H](O)C[C@H]1[C@@H]1O[C@@H]12",,498-45-3,,,,,,,
xxx_0753,CN1[C@@H]2CC[C@H]1C[C@@H](OC(=O)C(O)c1ccccc1)C2,2,0.994039854,True,"CN1[C@@H]2CC[C@H]1C[C@@H](O)C2, CCOC(C)=O, O=Cc1ccccc1",,141-78-6,100-52-7,,,,,,
xxx_0754,CN1[C@@H]2CC[C@H]1C[C@@H](OC(=O)c1c[nH]c3ccccc13)C2,1,0.997628706,True,"O=C(O)c1c[nH]c2ccccc12, CN1[C@@H]2CC[C@H]1C[C@@H](O)C2",771-50-6,,,,,,,,
xxx_0755,CN1[C@@H]2CC[C@H]1C[C@@H](OC(c1ccccc1)c1ccccc1)C2,1,0.997628706,True,"CN1[C@@H]2CC[C@H]1C[C@@H](O)C2, OC(c1ccccc1)c1ccccc1",,91-01-0,,,,,,,
xxx_0758,Cn1c(=O)c2[nH]cnc2n(C)c1=O.NCC(=O)O,1,0.997628706,True,CCOC(=O)CN,,,,,,,,,
xxx_0759,Cn1c(=O)c2c(ncn2CC(=O)O)n(C)c1=O,1,0.997628706,True,Cn1c(=O)c2c(ncn2CCO)n(C)c1=O,519-37-9,,,,,,,,
xxx_0760,Cn1c(=O)c2c(ncn2CC(O)CO)n(C)c1=O,1,0.997628706,True,C=CCn1cnc2c1c(=O)n(C)c(=O)n2C,61444-26-6,,,,,,,,
xxx_0761,CN1C(=O)CC(=O)N(c2ccccc2)c2cc(Cl)ccc21,3,0.986552929,True,"O=C(Cl)CC(=O)Cl, Nc1ccccc1Nc1ccccc1",1663-67-8,534-85-0,,,,,,,
xxx_0763,CN1C(=O)CC(c2ccccc2)C1=O,1,0.997628706,True,"CN1C(=O)C=CC1=O, c1ccccc1",930-88-1,27271-55-2,,,,,,,
xxx_0764,Cn1c(=O)cc(N2CCC[C@@H](N)C2)n(Cc2cc(F)ccc2C#N)c1=O,2,0.994039854,True,"N[C@@H]1CCCNC1, N#Cc1ccc(F)cc1CBr, Cn1c(=O)cc(Cl)[nH]c1=O",,,4318-56-3,,,,,,
xxx_0765,CN1C(=O)CN=C(c2ccccc2)c2cc(Cl)ccc21,1,0.997628706,True,"CN1C(=O)CN=C(Cl)c2cc(Cl)ccc21, CC1(C)OB(c2ccccc2)OC1(C)C",,24388-23-6,,,,,,,
xxx_0766,CN1C(=O)CN=C(c2ccccc2F)c2cc([N+](=O)[O-])ccc21,2,0.994039854,True,"C1N2CN3CN1CN(C2)C3, O=C(Cl)c1ccccc1F, CN(C(=O)CCl)c1ccc([N+](=O)[O-])cc1",24911-88-4,393-52-2,,,,,,,
xxx_0767,CN1C(=O)OC(C)(C)C1=O,1,0.997628706,True,"O=C(n1ccnc1)n1ccnc1, CNC(=O)C(C)(C)O",128456-94-0,,,,,,,,
xxx_0768,Cn1c(CCCC(=O)O)nc2cc(N(CCCl)CCCl)ccc21,2,0.994039854,True,"ClCCNCCCl, O=C(O)CCCC(=O)O, CNc1ccc(Br)cc1N",,68937-69-9,,,,,,,
xxx_0773,CN1C2CCCC1CC(NC(=O)c1nn(C)c3ccccc13)C2,6,0.955960146,True,"Cn1nc(C(=O)O)c2ccccc21, CC(C)(C)OC(N)=O, O=C1CCCC(=O)CCC1, CNC(C)=O",50890-83-0,4248-19-5,1489-74-3,79-16-3,,,,,
xxx_0778,CN1CC[C@]23c4c5ccc(O)c4O[C@H]2[C@@H](O)C=C[C@H]3[C@H]1C5.COc1ccc(Cc2nccc3cc(OC)c(OC)cc23)cc1OC.COc1ccc2c3c1OC1[C@@H](O)C=C[C@H]4[C@@H](C2)N(C)CC[C@]314,2,0.994039854,True,"COc1ccc(Br)cc1OC, COc1cc2ccnc(C=O)c2cc1OC",2859-78-1,71046-35-0,,,,,,,
xxx_0782,CN1CCC(=C2c3ccccc3C=Cc3ccccc32)CC1,1,0.997628706,True,"CN1CCC(=O)CC1, O=c1c2ccccc2ccc2ccccc12",1445-73-4,2222-33-5,,,,,,,
xxx_0785,CN1CCC(COc2cnc(-c3cccc(Cn4nc(-c5cccc(C#N)c5)ccc4=O)c3)nc2)CC1,2,0.994039854,True,"N#Cc1cccc(-c2ccc(=O)[nH]n2)c1, CN1CCC(COc2cnc(Cl)nc2)CC1, OCc1cccc(B(O)O)c1",,,87199-15-3,,,,,,
xxx_0786,CN1CCC(OC(c2ccccc2)c2ccccc2)CC1,1,0.997628706,True,"CN1CCC(O)CC1, OC(c1ccccc1)c1ccccc1",106-52-5,91-01-0,,,,,,,
xxx_0787,CN1CCC[C@H]1c1cccnc1,1,0.997628706,True,CC(C)(C)OC(=O)N1CCC[C@H]1c1cccnc1,,,,,,,,,
xxx_0789,CN1CCc2c(c3ccccc3n2Cc2ccccc2)C1,1,0.997628706,True,"BrCc1ccccc1, CN1CCc2[nH]c3ccccc3c2C1",100-39-0,5094-12-2,,,,,,,
xxx_0795,CN1CCN(c2ccc(C(=O)Nc3n[nH]c4ccc(Cc5cc(F)cc(F)c5)cc34)c(NC3CCOCC3)c2)CC1,4,0.975,True,"O=C(NC1CCOCC1)C(F)(F)F, CN1CCNCC1, COC(=O)c1ccc(F)cc1Cl, N#Cc1cc(CBr)ccc1F, OB(O)c1cc(F)cc(F)c1, O=N[N+](=O)[O-]",,109-01-3,85953-29-3,,156545-07-2,91913-71-2,,,
xxx_0797,CN1CCN(CC(=O)N2c3ccccc3C(=O)Nc3cccnc32)CC1,2,0.994039854,True,"CN1CCNCC1, O=C(Cl)CCl, O=C1Nc2cccnc2Nc2ccccc21",109-01-3,79-04-9,885-70-1,,,,,,
xxx_0799,CN1CCN(CCCN2c3ccccc3Sc3ccc(C(F)(F)F)cc32)CC1,6,0.955960146,True,"CN1CCNCC1, C=CC(=O)O, O=[N+]([O-])c1cc(C(F)(F)F)ccc1F, Fc1ccccc1S",109-01-3,29862-29-1,367-86-2,,,,,,
xxx_0800,CN1CCN=C(c2ccccc2)c2cc(Cl)ccc21,1,0.997628706,True,"CN1CCNC(=O)c2cc(Cl)ccc21, c1ccccc1",,27271-55-2,,,,,,,
xxx_0801,CN1CCN2c3c(cccc31)[C@@H]1CN(CCCC(=O)c3ccc(F)cc3)CC[C@@H]12,1,0.997628706,True,"O=C(CCCCl)c1ccc(F)cc1, CN1CCN2c3c(cccc31)[C@@H]1CNCC[C@@H]12",41167-07-1,,,,,,,,
xxx_0804,CN1CCOC(c2ccccc2)c2ccccc2C1,1,0.997628706,True,"CN(CCO)Cc1ccccc1, O=Cc1ccccc1",53014-43-0,100-52-7,,,,,,,
xxx_0805,Cn1cnc([N+](=O)[O-])c1Sc1ncnc2[nH]cnc12,6,0.955960146,True,"C1=COCCC1, Nc1nc(Cl)c2nc[nH]c2n1, O=[N+]([O-])c1nc[nH]c1S",110-87-2,,,,,,,,
xxx_0809,Cn1nnc(-c2ccc(-c3ccc(N4C[C@H](CO)OC4=O)cc3F)cn2)n1,2,0.994039854,True,"O=C1CCC(=O)N1Br, O=C1O[C@@H](CO)CN1c1cccc(F)c1, Cn1nnc(-c2ccc(Br)cn2)n1",3493-39-8,,,,,,,,
xxx_0810,Cn1nnc(-c2ccc(-c3ccc(N4C[C@H](COP(=O)(O)O)OC4=O)cc3F)cn2)n1,4,0.975,True,"Cn1nnc(-c2ccc(Br)cn2)n1, CCOP(=O)(Cl)OCC, O=C1O[C@@H](CO)CN1c1cccc(F)c1",,814-49-3,,,,,,,
xxx_0811,Cn1nnc2c(C(N)=O)ncn2c1=O,1,0.997628706,True,Cn1nnc2c(C#N)ncn2c1=O,,,,,,,,,
xxx_0812,Cn1nnnc1SCC1=C(C(=O)O)N2C(=O)[C@@H](NC(=O)[C@H](O)c3ccccc3)[C@H]2SC1,4,0.975,True,"O=C(Cl)[C@H](O)c1ccccc1, Cn1nnnc1S, CC(=O)Cl, [NH3+][C@@H]1C(=O)N2C(C(=O)[O-])=C(CO)CS[C@H]12",,,75-36-5,,,,,,
xxx_0813,Cn1nnnc1SCC1=C(C(=O)O)N2C(=O)[C@@H](NC(=O)[C@H](OC=O)c3ccccc3)[C@H]2SC1,4,0.975,True,"O=CO[C@@H](C(=O)Cl)c1ccccc1, Cn1nnnc1S, CC(=O)Cl, [NH3+][C@@H]1C(=O)N2C(C(=O)[O-])=C(CO)CS[C@H]12",,,75-36-5,,,,,,
xxx_0814,CNC(=C[N+](=O)[O-])NCCSCc1ccc(CN(C)C)o1,1,0.997628706,True,"CN(C)Cc1ccc(CO)o1, CNC(=C[N+](=O)[O-])NCCS",15433-79-1,,,,,,,,
xxx_0815,CNC(=C[N+](=O)[O-])NCCSCc1csc(CN(C)C)n1,1,0.997628706,True,"CN(C)Cc1nc(CCl)cs1, CNC(=C[N+](=O)[O-])NCCS",,,,,,,,,
xxx_0816,CNC(=O)c1c(C)oc2cc(Oc3ncnc4cc(OC)c(OC)cc34)ccc12,1,0.997628706,True,"CNC(=O)c1c(C)oc2cc(O)ccc12, COc1cc2ncnc(Cl)c2cc1OC",,,,,,,,,
xxx_0817,CNC(=O)c1cc(Oc2ccc(NC(=O)Nc3ccc(Cl)c(C(F)(F)F)c3)c(F)c2)ccn1,2,0.994039854,True,"O=C=Nc1ccc(Cl)c(C(F)(F)F)c1, CNC(=O)c1cc(Cl)ccn1, Nc1ccc(O)cc1F",327-78-6,,18266-53-0,,,,,,
xxx_0818,CNC(=O)c1cc(Oc2ccc(NC(=O)Nc3ccc(Cl)c(C(F)(F)F)c3)cc2)ccn1,1,0.997628706,True,"O=C=Nc1ccc(Cl)c(C(F)(F)F)c1, CNC(=O)c1cc(Oc2ccc(N)cc2)ccn1",327-78-6,,,,,,,,
xxx_0819,CNC(=O)c1ccc(-c2cnc3ncc(Cc4ccc5ncccc5c4)n3n2)cc1F,2,0.994039854,True,"CNC(=O)c1ccc(B(O)O)cc1F, Nc1ncc(Br)nn1, O=CCCc1ccc2ncccc2c1, O=C1CCC(=O)N1Cl",,,,128-09-6,,,,,
xxx_0820,CNC(=O)c1ccc(N2C(=S)N(c3ccc(C#N)c(C(F)(F)F)c3)C(=O)C2(C)C)cc1F,2,0.994039854,True,"N#Cc1ccc(N=C=S)cc1C(F)(F)F, CNC(=O)c1ccc(F)cc1F, COC(=O)C(C)(C)N",,,,,,,,,
xxx_0821,CNC(=O)c1ccc(N2C(=S)N(c3cnc(C#N)c(C(F)(F)F)c3)C(=O)C23CCC3)cc1F,2,0.994039854,True,"N#Cc1ncc(N=C=S)cc1C(F)(F)F, CNC(=O)c1ccc(NC2(C#N)CCC2)cc1F, COCc1ccccc1",,,538-86-3,,,,,,
xxx_0822,CNC(=O)c1ccccc1Sc1ccc2c(/C=C/c3ccccn3)n[nH]c2c1,5,0.963447071,True,"CNC(=O)c1ccccc1S, C=Cc1ccccn1, C[Si](C)(C)CCOCCl, Brc1ccc2cn[nH]c2c1",,27476-03-5,76513-69-4,,,,,,
xxx_0824,CNC(=O)c1nnc(NC(=O)C2CC2)cc1Nc1cccc(-c2ncn(C)n2)c1OC,6,0.955960146,True,"Cn1cnc(Br)n1, NC(=O)C1CC1, COC(=O)c1nnc(Cl)cc1Cl, COc1c(N)cccc1Br, CNC(C)=O",56616-91-2,6228-73-5,,,79-16-3,,,,
xxx_0825,CNC(=O)Oc1ccc2c(c1)[C@]1(C)CCN(C)[C@@H]1N2C,1,0.997628706,True,"CN=C=O, CN1CC[C@@]2(C)c3cc(O)ccc3N(C)[C@@H]12",30108-95-3,469-22-7,,,,,,,
xxx_0826,CNC(=O)Oc1cccc2ccccc12,1,0.997628706,True,"CN=C=O, Oc1cccc2ccccc12",30108-95-3,90-15-3,,,,,,,
xxx_0827,CNC(=S)NCO,2,0.994039854,True,"CN=C=S, O=C1c2ccccc2C(=O)N1CO",556-61-6,118-29-6,,,,,,,
xxx_0828,CNC(C)(C)Cc1ccccc1,1,0.997628706,True,CC(C)(Cc1ccccc1)NC=O,52117-13-2,,,,,,,,
xxx_0830,CNC(C)Cc1ccccc1OC,2,0.994039854,True,"COc1ccccc1CC(C)=O, CNC(C)=O",5211-62-1,79-16-3,,,,,,,
xxx_0831,CNC(C)CCC=C(C)C,2,0.994039854,True,"CC(=O)CCC=C(C)C, CNC(C)=O",110-93-0,79-16-3,,,,,,,
xxx_0832,CNC[C@H](O)[C@@H](O)[C@H](O)[C@H](O)CO,1,0.997628706,True,NC[C@H](O)[C@@H](O)[C@H](O)[C@H](O)CO,,,,,,,,,
xxx_0833,CNc1ccc(/C=C/c2ccc(OCCOCCOCCF)cc2)cc1,2,0.994039854,True,"Nc1ccc(/C=C/c2ccc(O)cc2)cc1, BrCCBr, OCCOCCF",18951-43-4,624-61-3,373-22-8,,,,,,
xxx_0834,CNc1ccc(/C=C/c2ccc(OCCOCCOCCF)nc2)cc1,3,0.986552929,True,"OCCOCCOCCF, C=Cc1ccc(N(C)C)cc1, Fc1ccc(Br)cn1",373-45-5,2039-80-7,766-11-0,,,,,,
xxx_0835,CNc1ccc(-c2nc3ccc(O)cc3s2)cc1F,2,0.994039854,True,"CNc1ccc(C(=O)O)cc1F, COc1ccc(N)c(S)c1",,6274-29-9,,,,,,,
xxx_0839,CNCC[C@H](Oc1cccc2ccccc12)c1cccs1,1,0.997628706,True,"CNCC[C@H](O)c1cccs1, Fc1cccc2ccccc12",,321-38-0,,,,,,,
xxx_0840,CNCc1ccc(-c2[nH]c3cc(F)cc4c3c2CCNC4=O)cc1,2,0.994039854,True,"CNCc1ccc(B2OC(C)(C)C(C)(C)O2)cc1, O=C1CCC(=O)N1Br, O=C1NCCc2c[nH]c3cc(F)cc1c23",,3493-39-8,,,,,,,
xxx_0841,CNCCC(Oc1ccc(C(F)(F)F)cc1)c1ccccc1,2,0.994039854,True,"Fc1ccc(C(F)(F)F)cc1, CNCCC(=O)c1ccccc1",402-44-8,,,,,,,,
xxx_0842,CNCCc1ccccn1,1,0.997628706,True,CN(CCc1ccccn1)C(=O)OC(C)(C)C,,,,,,,,,
xxx_0843,CNNCc1ccc(C(=O)NC(C)C)cc1,2,0.994039854,True,"CC(C)N, O=C(Cl)C(=O)Cl, CNNCc1ccccc1",85404-24-6,79-37-8,10309-79-2,,,,,,
xxx_0845,CNS(=O)(=O)CCc1ccc2[nH]cc(C3CCN(C)CC3)c2c1,2,0.994039854,True,"CN1CCC(=O)CC1, CNS(=O)(=O)CCc1ccc2[nH]ccc2c1",1445-73-4,,,,,,,,
xxx_0848,CO/N=C(\C(=O)N[C@@H]1C(=O)N2C(C(=O)O)=C(COC(C)=O)CS[C@H]12)c1csc(N)n1,2,0.994039854,True,"CC(=O)Cl, CO/N=C(\C(=O)O)c1csc(N)n1, N[C@@H]1C(=O)N2C(C(=O)O)=C(CO)CS[C@H]12",75-36-5,,,,,,,,
xxx_0850,CO/N=C(\C(=O)N[C@@H]1C(=O)N2C(C(=O)O)=C(CSc3nc(=O)c(O)nn3C)CS[C@H]12)c1csc(N)n1,7,0.952371294,True,"Cn1nc(O)c(=O)nc1S, CO/N=C(\C(=O)O)c1csc(N)n1, [N-]=[N+]=C(c1ccccc1)c1ccccc1, CC(=O)OC(C)=O, CC(C)(C)OC(=O)OC(=O)OC(C)(C)C, N[C@@H]1C(=O)N2C(C(=O)O)=C(CO)CS[C@H]12",,,883-40-9,108-24-7,24424-99-5,,,,
xxx_0852,CO/N=C(\C(=O)N[C@@H]1C(=O)N2C(C(=O)O)=C(CSc3nnnn3C)CS[C@H]12)c1csc(N)n1,6,0.955960146,True,"CO/N=C(\C(=O)O)c1csc(N)n1, Cn1nnnc1S, O=C(Cl)Cc1ccccc1, CC(=O)Cl, [NH3+][C@@H]1C(=O)N2C(C(=O)[O-])=C(CO)CS[C@H]12",,,103-80-0,75-36-5,,,,,
xxx_0853,CO/N=C(\C(=O)N[C@@H]1C(=O)N2C(C(=O)O)=CCS[C@H]12)c1csc(N)n1,1,0.997628706,True,"CO/N=C(\C(=O)O)c1csc(N)n1, N[C@@H]1C(=O)N2C(C(=O)O)=CCS[C@H]12",,,,,,,,,
xxx_0874,COC(=O)/C=C/C(=O)O,1,0.997628706,True,COC(=O)/C=C/C(=O)OC,23055-10-9,,,,,,,,
xxx_0875,COC(=O)/C=C/C(=O)OC,1,0.997628706,True,COC(=O)/C=C/C(=O)O,,,,,,,,,
xxx_0876,COC(=O)/C=C/C(=O)OCCN1C(=O)CCC1=O,1,0.997628706,True,"O=C1CCC(=O)N1CCCl, COC(=O)/C=C/C(=O)O",41212-96-8,,,,,,,,
xxx_0882,COC(=O)C1=C(C)NC(C)=C(C(=O)OC(C)(C)CN(C)CCC(c2ccccc2)c2ccccc2)C1c1cccc([N+](=O)[O-])c1,3,0.986552929,True,"OCCC(c1ccccc1)c1ccccc1, O=S(Cl)Cl, COC(=O)/C=C(/C)N, O=Cc1cccc([N+](=O)[O-])c1, C=C1CC(=O)O1, CNCC(C)(C)O",20017-67-8,7719-09-7,,99-61-6,2130-41-8,,,,
xxx_0883,COC(=O)C1=C(C)NC(C)=C(C(=O)OC(C)C)C1c1cccc2nonc12,1,0.997628706,True,"COC(=O)CC(C)=O, O=Cc1cccc2nonc12, CC(N)=CC(=O)OC(C)C",105-45-3,,,,,,,,
xxx_0884,COC(=O)C1=C(C)NC(C)=C(C(=O)OC)C1c1ccccc1[N+](=O)[O-],1,0.997628706,True,"COC(=O)CC(C)=O, O=Cc1ccccc1[N+](=O)[O-], COC(=O)/C=C(/C)N",105-45-3,552-89-6,,,,,,,
xxx_0885,COC(=O)C1=C(C)NC(C)=C(C(=O)OCC(C)C)C1c1ccccc1[N+](=O)[O-],2,0.994039854,True,"COC(=O)CC(C)=O, O=Cc1ccccc1[N+](=O)[O-], CC(C)CO, COC(=O)/C=C(/C)N",105-45-3,552-89-6,68989-27-5,,,,,,
xxx_0886,COC(=O)C1=C(C)NC(C)=C(C(=O)OCCN(C)Cc2ccccc2)C1c1cccc([N+](=O)[O-])c1,3,0.986552929,True,"CN(CCBr)Cc1ccccc1, CCOC(=O)CC(C)=O, COC(=O)/C=C(/C)N, O=Cc1cccc([N+](=O)[O-])c1",,141-97-9,,99-61-6,,,,,
xxx_0887,COC(=O)c1ccc2c(c1)NC(=O)/C2=C(\Nc1ccc(N(C)C(=O)CN2CCN(C)CC2)cc1)c1ccccc1,2,0.994039854,True,"CCOC(OCC)(OCC)c1ccccc1, COC(=O)c1ccc2c(c1)N(C(C)=O)C(=O)C2, CN(C(=O)CCl)c1ccc(N)cc1, CN1CCNCC1",1663-61-2,,,109-01-3,,,,,
xxx_0888,COC(=O)c1cccnc1,1,0.997628706,True,O=C(O)c1cccnc1,123574-58-3,,,,,,,,
xxx_0890,COC(=O)CCC(=O)CN,1,0.997628706,True,NCC(=O)CCC(=O)O,106-60-5,,,,,,,,
xxx_0892,COC(=O)N[C@@H](C)CNc1nccc(-c2cn(C(C)C)nc2-c2cc(Cl)cc(NS(C)(=O)=O)c2F)n1,7,0.952371294,True,"COB(OC)OC, CS(=O)(=O)Nc1cc(Cl)ccc1F, COC(=O)N[C@@H](C)CN, CC(C)I, Clc1ccnc(Cl)n1, CC(C)(O)C(C)(C)O, Clc1cc[nH]n1, OB(O)B(O)O, CC(C)(O)C(C)(C)O",121-43-7,,,107-08-4,3934-20-1,52400-10-9,,13675-18-8,52400-10-9
xxx_0903,COC[C@@H](NC(C)=O)C(=O)NCc1ccccc1,1,0.997628706,True,"CC(=O)OC(C)=O, COC[C@@H](N)C(=O)NCc1ccccc1",108-24-7,,,,,,,,
xxx_0907,COc1c(N2C[C@@H]3CCCN[C@@H]3C2)c(F)cc2c(=O)c(C(=O)O)cn(C3CC3)c12,6,0.955960146,True,"C1CN[C@@H]2CNC[C@@H]2C1, OB(O)C1CC1, COc1c(N)ccc(F)c1F, CCOC=C(C(=O)OCC)C(=O)OCC, COCc1ccccc1",,,,87-13-8,538-86-3,,,,
xxx_0910,COc1c2occc2cc2ccc(=O)oc12,1,0.997628706,True,COc1c2c(cc3ccc(=O)oc13)CCO2,3779-03-1,,,,,,,,
xxx_0911,COc1cc(/C=C/C(=O)N2CCN(CC(=O)N3CCCC3)CC2)cc(OC)c1OC,1,0.997628706,True,"COc1cc(/C=C/C(=O)O)cc(OC)c1OC, O=C(CN1CCNCC1)N1CCCC1",90-50-6,39890-45-4,,,,,,,
xxx_0917,COc1cc(C(=O)NCc2ccc(OCCN(C)C)cc2)cc(OC)c1OC,1,0.997628706,True,"COc1cc(C(=O)Cl)cc(OC)c1OC, CN(C)CCOc1ccc(CN)cc1",4521-61-3,20059-73-8,,,,,,,
xxx_0918,COc1cc(C(=O)OC(COCCC(C)C)CN2CCOCC2)cc(OC)c1OC,4,0.975,True,"COc1cc(C(=O)Cl)cc(OC)c1OC, C1COCCN1, CC(C)CCO, OC(CCl)CCl",4521-61-3,110-91-8,123-51-3,27988-86-9,,,,,
xxx_0919,COc1cc(C(C)=O)ccc1OCCCN1CCC(c2noc3cc(F)ccc23)CC1,1,0.997628706,True,"COc1cc(C(C)=O)ccc1OCCCCl, Fc1ccc2c(C3CCNCC3)noc2c1",,84163-77-9,,,,,,,
xxx_0922,COc1cc(N)c(Cl)cc1C(=O)NC1CCN(Cc2ccccc2)CC1,1,0.997628706,True,"COC(=O)c1cc(Cl)c(N)cc1OC, NC1CCN(Cc2ccccc2)CC1",,50541-93-0,,,,,,,
xxx_0923,COc1cc(N2CCC(N3CCN(C)CC3)CC2)ccc1Nc1ncc(Cl)c(Nc2ccccc2P(C)(C)=O)n1,2,0.994039854,True,"COc1cc(Br)ccc1N, CN1CCN(C2CCNCC2)CC1, CP(C)(=O)c1ccccc1N, Clc1ncc(Cl)c(Cl)n1",,99726-99-5,,5750-76-5,,,,,
xxx_0924,COc1cc(Nc2c(C#N)cnc3cc(OCCCN4CCN(C)CC4)c(OC)cc23)c(Cl)cc1Cl,2,0.994039854,True,"CN1CCN(CCCO)CC1, COc1cc(N)c(Cl)cc1Cl, COc1cc2c(Cl)c(C#N)cnc2cc1O",5317-33-9,98446-49-2,,,,,,,
xxx_0925,COc1cc(Nc2ncc(F)c(Nc3ccc4c(n3)N(COP(=O)(O)O)C(=O)C(C)(C)O4)n2)cc(OC)c1OC,5,0.963447071,True,"COP(=O)(OC)OC, COc1cc(N)cc(OC)c1OC, Nc1nc(Cl)ncc1F, C[Si](C)(C)CCOCCl, CCOC(=O)C(C)(C)Br, Nc1nc(Cl)ccc1O",91316-44-8,24313-88-0,155-10-2,76513-69-4,600-00-0,,,,
xxx_0926,COc1cc(NS(=O)(=O)c2ccc(N)cc2)nc(OC)n1,1,0.997628706,True,"COc1cc(Cl)nc(OC)n1, Nc1ccc(S(N)(=O)=O)cc1",6320-15-6,63-74-1,,,,,,,
xxx_0927,COc1cc(NS(C)(=O)=O)ccc1Nc1c2ccccc2nc2ccccc12,2,0.994039854,True,"Nc1c2ccccc2nc2ccccc12, COc1cccc(NS(C)(=O)=O)c1",90-45-9,,,,,,,,
xxx_0928,COc1cc(OC)c(C(=O)CCCN2CCCC2)c(OC)c1,1,0.997628706,True,"O=C(O)CCCN1CCCC1, COc1cc(OC)cc(OC)c1",,621-23-8,,,,,,,
xxx_0932,COc1cc2c(cc1Cc1cccc(Cl)c1F)c(=O)c(C(=O)O)cn2[C@H](CO)C(C)C,7,0.952371294,True,"Fc1c(Cl)cccc1CBr, CC(C)[C@H](N)CO, COC(OC)N(C)C, CCOC(C)=O, COc1cc(F)c(C(=O)O)cc1Br",85070-47-9,,,141-78-6,,,,,
xxx_0936,COc1cc2c(cc1OC)C(=O)C(CC1CCN(Cc3ccccc3)CC1)C2,1,0.997628706,True,"COc1cc2c(cc1OC)C(=O)CC2, O=CC1CCN(Cc2ccccc2)CC1",2107-69-9,22065-85-6,,,,,,,
xxx_0939,COc1cc2c(cc1OC)CC(=O)N(CCCN(C)C[C@H]1Cc3cc(OC)c(OC)cc31)CC2,2,0.994039854,True,"COc1cc2c(cc1OC)CC(=O)NCC2, ClCCCBr, CNC[C@H]1Cc2cc(OC)c(OC)cc21",,109-70-6,,,,,,,
xxx_0942,COc1cc2nccc(Oc3ccc(NC(=O)C4(C(=O)Nc5ccc(F)cc5)CC4)cc3)c2cc1OC,2,0.994039854,True,"O=C(O)C1(C(=O)Nc2ccc(F)cc2)CC1, COc1cc2nccc(Cl)c2cc1OC, Nc1ccc(O)cc1",,,123-30-8,,,,,,
xxx_0943,COc1cc2nccc(Oc3ccc(NC(=O)Nc4cc(C)on4)c(Cl)c3)c2cc1OC,2,0.994039854,True,"O=C(Cl)Cl, Cc1cc(N)no1, COc1cc2nccc(Cl)c2cc1OC, Nc1ccc(O)cc1Cl",75-44-5,1072-67-9,,52671-64-4,,,,,
xxx_0944,COc1cc2nccc(Oc3ccc(NC(=O)NC4CC4)c(Cl)c3)c2cc1C(N)=O,1,0.997628706,True,"COc1cc2nccc(Cl)c2cc1C(N)=O, O=C(Nc1ccc(O)cc1Cl)NC1CC1",,,,,,,,,
xxx_0945,COc1cc2ncnc(Nc3ccc(F)c(Cl)c3)c2cc1NC(=O)/C=C/CN1CCCCC1,3,0.986552929,True,"O=C(O)/C=C/CN1CCCCC1, COc1cc2ncnc(Cl)c2cc1[N+](=O)[O-], Nc1ccc(F)c(Cl)c1",,,367-21-5,,,,,,
xxx_0946,COc1cc2ncnc(Nc3ccc(F)c(Cl)c3)c2cc1OCCCN1CCOCC1,2,0.994039854,True,"Nc1ccc(F)c(Cl)c1, OCCCN1CCOCC1, COc1cc2ncnc(Cl)c2cc1O",367-21-5,4441-30-9,,,,,,,
xxx_0947,COc1ccc(C(=O)c2ccc(C)cc2)c(O)c1,1,0.997628706,True,"COc1ccc(C(=O)O)c(O)c1, Cc1ccccc1",2237-36-7,3101-08-4,,,,,,,
xxx_0948,COc1ccc(C(=O)c2ccccc2)c(O)c1,1,0.997628706,True,COc1ccc(C(=O)c2ccccc2)c(OC)c1,,,,,,,,,
xxx_0949,COc1ccc(C(=O)CC(=O)c2ccc(C(C)(C)C)cc2)cc1,1,0.997628706,True,"COC(=O)c1ccc(OC)cc1, CC(=O)c1ccc(C(C)(C)C)cc1",121-98-2,43133-94-4,,,,,,,
xxx_0950,COc1ccc(C(=O)NCc2cccnc2)cc1C(=O)NCc1cccnc1,2,0.994039854,True,"NCc1cccnc1, COC(=O)c1ccc(OC)c(C(=O)O)c1, NCc1cccnc1",3731-52-0,,3731-52-0,,,,,,
xxx_0951,COc1ccc(C2C(=O)c3ccccc3C2=O)cc1,1,0.997628706,True,"O=C1OCc2ccccc21, COc1ccc(C=O)cc1",87-41-2,26249-15-0,,,,,,,
xxx_0953,COc1ccc(-c2ccc3cc(C(=O)O)ccc3c2)cc1C12CC3CC(CC(C3)C1)C2,2,0.994039854,True,"OC12CC3CC(CC(C3)C1)C2, CC(=O)Cl, COc1ccc(Br)cc1, O=C(O)c1ccc2cc(B(O)O)ccc2c1",768-95-6,75-36-5,104-92-7,,,,,,
xxx_0955,COc1ccc(Cc2nccc3cc(OC)c(OC)cc23)cc1OC,2,0.994039854,True,"COc1ccc(Br)cc1OC, COc1cc2ccnc(C=O)c2cc1OC",2859-78-1,71046-35-0,,,,,,,
xxx_0957,COc1ccc(CN2CCNCC2)c(OC)c1OC,1,0.997628706,True,"COc1ccc(CCl)c(OC)c1OC, C1CNCCN1",1133-49-9,8017-90-1,,,,,,,
xxx_0958,COc1ccc(CNc2nc(N3CCC[C@H]3CO)ncc2C(=O)NCc2ncccn2)cc1Cl,3,0.986552929,True,"OC[C@@H]1CCCN1, COc1ccc(CN)cc1Cl, NCc1ncccn1, O=C(Cl)c1cnc(Cl)nc1Cl",,,,,,,,,
xxx_0959,COc1ccc(F)cc1C(=O)NCc1ccc(-c2nn([C@@H](C)C(F)(F)F)c(N)c2C(N)=O)cc1,6,0.955960146,True,"COc1ccc(F)cc1C(=O)O, C[C@H](NN)C(F)(F)F, N#CCC#N, N#Cc1ccc(C(=O)Cl)cc1",,,109-77-3,6068-72-0,,,,,
xxx_0960,COc1ccc(-n2nccn2)c(C(=O)N2CCC[C@@]2(C)c2nc3c(C)c(Cl)ccc3[nH]2)c1,2,0.994039854,True,"COc1ccc(Br)c(C(=O)O)c1, c1cn[nH]n1, Cc1c(Cl)ccc(N)c1N, C[C@@]1(C(=O)O)CCCN1",,37306-44-8,,,,,,,
xxx_0961,COc1ccc(NS(=O)(=O)c2ccc(N)cc2)nn1,2,0.994039854,True,"COc1ccc(N)nn1, Nc1ccc(S(=O)(=O)O)cc1",7252-84-8,121-57-3,,,,,,,
xxx_0962,COc1ccc(O)cc1,1,0.997628706,True,COc1ccc(OCc2ccccc2)cc1,6630-18-8,,,,,,,,
xxx_0963,COc1ccc(OC)c(C(O)C(C)N)c1,2,0.994039854,True,"CC[N+](=O)[O-], COc1ccc(OC)c(C=O)c1",79-24-3,93-02-7,,,,,,,
xxx_0964,COc1ccc(OC)c(C(O)CNC(=O)CN)c1,2,0.994039854,True,"CC(C)(C)OC(=O)NCC(=O)O, COc1ccc(OC)c(C(=O)CN)c1",4530-20-5,,,,,,,,
xxx_0966,COc1ccc2[nH]cc(CCNC(C)=O)c2c1,1,0.997628706,True,"CC(=O)OC(C)=O, COc1ccc2[nH]cc(CCN)c2c1",108-24-7,608-07-1,,,,,,,
xxx_0967,COc1ccc2c(C(=O)c3ccc(Cl)cc3)c(C)n(CC(=O)O)c2c1,2,0.994039854,True,"CCOC(=O)CBr, O=C(Cl)c1ccc(Cl)cc1, COc1ccc2cc(C)[nH]c2c1",679806-14-5,122-01-0,,,,,,,
xxx_0968,COc1ccc2c(c1)N(C[C@H](C)CN(C)C)c1ccccc1S2,3,0.986552929,True,"C[C@@H](CO)CN(C)C, Nc1ccc2c(c1)Nc1ccccc1S2, COCc1ccccc1",,,538-86-3,,,,,,
xxx_0974,COc1ccc2cccc(CCNC(C)=O)c2c1,1,0.997628706,True,"CC(=O)Cl, COc1ccc2cccc(CCN)c2c1",75-36-5,,,,,,,,
xxx_0975,COc1cccc(C2(O)CCCCC2CN(C)C)c1,3,0.986552929,True,"O=C1CCCCC1, COc1cccc(Br)c1, CNC=O",11119-77-0,2398-37-0,123-39-7,,,,,,
xxx_0978,COc1ccccc1N1CCN(CC(O)COc2cccc3ccccc23)CC1,2,0.994039854,True,"COc1ccccc1N1CCNCC1, OC(CCl)CCl, Oc1cccc2ccccc12",,27988-86-9,90-15-3,,,,,,
xxx_0980,COc1ccccc1OCCNCC(O)COc1cccc2[nH]c3ccccc3c12,2,0.994039854,True,"COc1ccccc1OCCN, OC(CCl)CCl, Oc1cccc2[nH]c3ccccc3c12",,27988-86-9,52602-39-8,,,,,,
xxx_0981,COc1ccnc(C[S+]([O-])c2nc3cc(OC(F)F)ccc3[nH]2)c1OC,2,0.994039854,True,"COc1ccnc(CCl)c1OC, FC(F)Oc1ccc2[nH]c(S)nc2c1",,,,,,,,,
xxx_0984,COc1cnc(NS(=O)(=O)c2ccc(N)cc2)nc1,1,0.997628706,True,"COc1cnc(Cl)nc1, Nc1ccc(S(N)(=O)=O)cc1",,63-74-1,,,,,,,
xxx_0986,COc1nccnc1NS(=O)(=O)c1ccc(N)cc1,2,0.994039854,True,"COc1nccnc1N, Nc1ccc(S(=O)(=O)O)cc1",,121-57-3,,,,,,,
xxx_0987,COc1ncnc(NS(=O)(=O)c2ccc(N)cc2)c1OC,1,0.997628706,True,"COc1ncnc(Cl)c1OC, Nc1ccc(S(N)(=O)=O)cc1",,63-74-1,,,,,,,
xxx_0989,COCC1=C(C(=O)O)N2C(=O)[C@@H](NC(=O)/C(=N\OC)c3csc(N)n3)[C@H]2SC1,1,0.997628706,True,"CO/N=C(\C(=O)O)c1csc(N)n1, COCC1=C(C(=O)O)N2C(=O)[C@@H](N)[C@H]2SC1",,,,,,,,,
xxx_0991,COCCCC/C(=N\OCCN)c1ccc(C(F)(F)F)cc1,3,0.986552929,True,"NCCBr, COCCCCC(=O)O, FC(F)(F)c1ccccc1, O=C1c2ccccc2C(=O)N1O",,,98-08-8,524-38-9,,,,,
xxx_0992,COCCCN1CCC(NC(=O)c2cc(Cl)c(N)c3c2OCC3)CC1,2,0.994039854,True,"COCCCN1CCC(N)CC1, Nc1c(Cl)cc(C(=O)O)c2c1CCO2",,,,,,,,,
xxx_0994,COCCCOc1ccnc(C[S+]([O-])c2nc3ccccc3[nH]2)c1C,2,0.994039854,True,"COCCCOc1ccnc(CCl)c1C, Sc1nc2ccccc2[nH]1",,,,,,,,,
xxx_0995,COCCOC(=O)C1=C(C)NC(C)=C(C(=O)OC(C)C)C1c1cccc([N+](=O)[O-])c1,1,0.997628706,True,"COCCOC(=O)CC(C)=O, O=Cc1cccc([N+](=O)[O-])c1, C/C(N)=C/C(=O)OC(C)C",22502-03-0,99-61-6,,,,,,,
xxx_0998,CS(=O)(=O)c1ccc(C(=O)Nc2ccc(Cl)c(-c3ccccn3)c2)c(Cl)c1,1,0.997628706,True,"CS(=O)(=O)c1ccc(C(=O)O)c(Cl)c1, Nc1ccc(Cl)c(-c2ccccn2)c1",,,,,,,,,
xxx_1010,FC(F)(F)c1ccc(CNc2ccc(Cc3c[nH]c4ncc(Cl)cc34)cn2)cn1,3,0.986552929,True,"O=Cc1ccc(C(F)(F)F)nc1, Nc1ccc(C=O)cn1, Clc1cnc2[nH]ccc2c1",,,,,,,,,
xxx_1011,Fc1ccc(C(c2ccc(F)cc2)N2CCN(C/C=C/c3ccccc3)CC2)cc1,1,0.997628706,True,"OC(c1ccc(F)cc1)c1ccc(F)cc1, C(=C/c1ccccc1)\CN1CCNCC1",365-24-2,,,,,,,,
xxx_1012,Fc1ccc(-c2ccc3c(c2)[nH]c2ccncc23)cn1,1,0.997628706,True,"OB(O)c1ccc(F)nc1, Brc1ccc2c(c1)[nH]c1ccncc12",351019-18-6,,,,,,,,
xxx_1016,N#C[C@@H]1C[C@@H]2C[C@@H]2N1C(=O)[C@@H](N)C12CC3CC(CC(O)(C3)C1)C2,3,0.986552929,True,"N[C@H](C(=O)O)C12CC3CC(CC(C3)C1)C2, CC(C)(C)OC(=O)N1[C@H](C(N)=O)C[C@@H]2C[C@@H]21",,,,,,,,,
xxx_1018,N#Cc1c(N2C[C@@H]3NCCO[C@H]3C2)c(F)cc2c(=O)c(C(=O)O)cn(C3CC3)c12,3,0.986552929,True,"C1CO[C@H]2CNC[C@@H]2N1, CCOC=C(C(=O)OCC)C(=O)OCC, N#Cc1c(F)ccc(F)c1Cl, NC1CC1",,87-13-8,,765-30-0,,,,,
xxx_1019,N#Cc1cc(NC(=O)C(=O)O)c(Cl)c(NC(=O)C(=O)O)c1,4,0.975,True,"CCOC(=O)C(N)=O, CCOC(=O)C(=O)Cl, N#Cc1cc(F)c(Cl)c([N+](=O)[O-])c1",617-36-7,4755-77-5,,,,,,,
xxx_1020,N#Cc1ccc(C(c2ccc(C#N)cc2)n2cncn2)cc1,1,0.997628706,True,"N#Cc1ccc(C(O)c2ccc(C#N)cc2)cc1, c1nc[nH]n1",,63598-71-0,,,,,,,
xxx_1021,N#Cc1ccc2[nH]cc(CCCCN3CCN(c4ccc5oc(C(N)=O)cc5c4)CC3)c2c1,1,0.997628706,True,"N#Cc1ccc2[nH]cc(CCCC=O)c2c1, NC(=O)c1cc2cc(N3CCNCC3)ccc2o1",,,,,,,,,
xxx_1024,N#Cc1ccccc1-c1cc(-c2ccccn2)cn(-c2ccccc2)c1=O,2,0.994039854,True,"N#Cc1ccccc1B(O)O, O=C1CCC(=O)N1Br, O=c1ccc(-c2ccccn2)cn1-c1ccccc1",138642-62-3,3493-39-8,,,,,,,
xxx_1025,N#Cc1ccnc(N2C(=O)CC[C@H]2C(=O)N(c2cncc(F)c2)[C@H](C(=O)NC2CC(F)(F)C2)c2ccccc2Cl)c1,6,0.955960146,True,"NC1CC(F)(F)C1, N#Cc1ccnc(Cl)c1, Fc1cncc(I)c1, CC(C)(C)OC(=O)N1C(=O)CC[C@H]1C(=O)O, N[C@H](C(=O)O)c1ccccc1Cl",,33252-30-1,,53100-44-0,,,,,
xxx_1026,N#CCNC(=O)c1ccc(-c2ccnc(Nc3ccc(N4CCOCC4)cc3)n2)cc1,2,0.994039854,True,"Nc1ccc(N2CCOCC2)cc1, N#CCNC(=O)c1ccc(B(O)O)cc1, Clc1ccnc(Cl)n1",131852-32-9,,3934-20-1,,,,,,
xxx_1027,N.O=C(O)c1ccccc1,1,0.997628706,True,COC(=O)c1ccccc1,93-58-3,,,,,,,,
xxx_1028,N[C@@H](C(=O)N[C@@H]1C(=O)N2C(C(=O)O)=C(Cl)CS[C@H]12)c1ccccc1,1,0.997628706,True,"N[C@@H](C(=O)O)c1ccccc1, N[C@@H]1C(=O)N2C(C(=O)O)=C(Cl)CS[C@H]12",,,,,,,,,
xxx_1029,N[C@@H](Cc1cc(O)c(O)cc1F)C(=O)O,1,0.997628706,True,N[C@@H](Cc1ccc(O)c(O)c1)C(=O)O,90638-38-3,,,,,,,,
xxx_1030,N[C@@H](Cc1ccc(O)c(O)c1)C(=O)O,1,0.997628706,True,N[C@H](Cc1ccc(O)cc1)C(=O)O,556-02-5,,,,,,,,
xxx_1031,N[C@@H](CCC(=O)N[C@@H](CSSC[C@H](NC(=O)CC[C@H](N)C(=O)O)C(=O)NCC(=O)O)C(=O)NCC(=O)O)C(=O)O,4,0.975,True,"NCC(=O)O, NCC(=O)O, N[C@@H](CCC(=O)O)C(=O)O, N[C@@H](CCC(=O)O)C(=O)O, N[C@@H](CSSC[C@H](N)C(=O)O)C(=O)O",32817-15-5,32817-15-5,26717-13-5,26717-13-5,56-89-3,,,,
xxx_1032,N[C@@H](CS)C(=O)O,1,0.997628706,True,CC(C)(C)OC(=O)N[C@@H](CS)C(=O)O,20887-95-0,,,,,,,,
xxx_1033,N[C@@H]1[C@H]2CN(c3nc4c(cc3F)c(=O)c(C(=O)O)cn4-c3ccc(F)cc3F)C[C@@H]12,6,0.955960146,True,"N[C@@H]1[C@H]2CNC[C@@H]12, COC(OC)N(C)C, Nc1ccc(F)cc1F, CCOC(=O)CC(=O)OC(C)(C)C, O=C(Cl)c1cc(F)c(Cl)nc1Cl",,,367-25-9,32864-38-3,96568-02-4,,,,
xxx_1035,N[C@@H]1CCCCN(c2c(F)cc3c(=O)c(C(=O)O)cn(C4CC4)c3c2Cl)C1,5,0.963447071,True,"N[C@@H]1CCCCNC1, OB(O)C1CC1, CC1(C)OC(=O)CC(=O)O1, COC(OC)OC, Nc1ccc(F)c(F)c1Cl",,,2033-24-1,149-73-5,,,,,
xxx_1036,N[C@@H]1CONC1=O,1,0.997628706,True,CC(C)(C)OC(=O)N[C@@H]1CONC1=O,,,,,,,,,
xxx_1038,N[C@H](C(=O)O)[C@H](O)c1ccc(O)c(O)c1,1,0.997628706,True,N[C@H](C(=O)O)[C@H](O)c1ccc2c(c1)OCO2,,,,,,,,,
xxx_1039,N=C(N)c1ccc(/C=C/c2ccc(C(=N)N)cc2O)cc1,2,0.994039854,True,"C=Cc1ccc(C#N)cc1, N#Cc1ccc(Br)c(O)c1",3435-51-6,,,,,,,,
xxx_1040,N=C(N)c1ccc(CNC(=O)[C@@H]2CCN2C(=O)[C@H](NCC(=O)O)C2CCCCC2)cc1,6,0.955960146,True,"N=C(N)c1ccc(CN)cc1, CCOC(=O)CN[C@@H](C(=O)O)C1CCCCC1, CC(C)(C)OC(=O)N1CC[C@H]1C(=O)O, BrCc1ccccc1",,,,100-39-0,,,,,
xxx_1041,N=C(N)c1ccc(OCCCCCCOc2ccc(C(=N)N)cc2)cc1,2,0.994039854,True,"N=C(N)c1ccc(O)cc1, BrCCCCCCBr, N=C(N)c1ccc(O)cc1",,625084-40-4,,,,,,,
xxx_1042,N=C(N)c1ccc(OCCCCCOc2ccc(C(=N)N)cc2)cc1,2,0.994039854,True,"N=C(N)c1ccc(O)cc1, BrCCCCCBr, N=C(N)c1ccc(O)cc1",,111-24-0,,,,,,,
xxx_1043,N=C(N)N,1,0.997628706,True,N=C(N)NO,,,,,,,,,
xxx_1044,N=C(N)N/N=C/c1c(Cl)cccc1Cl,1,0.997628706,True,N=C(NO)N/N=C/c1c(Cl)cccc1Cl,,,,,,,,,
xxx_1045,N=C(N)NCC1COC2(CCCCC2)O1,4,0.975,True,"O=C1CCCCC1, O=CCO, C[N+](=O)[O-]",11119-77-0,141-46-8,19527-13-0,,,,,,
xxx_1048,N=C1CCCN1Cc1[nH]c(=O)[nH]c(=O)c1Cl,2,0.994039854,True,"O=C1CCC(=O)N1Cl, O=c1cc(CCl)[nH]c(=O)[nH]1, N=C1CCCN1",128-09-6,18592-13-7,,,,,,,
xxx_1053,NC(=O)c1cccc2cn(-c3ccc([C@@H]4CCCNC4)cc3)nc12,1,0.997628706,True,"NC(=O)c1cccc2cn[nH]c12, Fc1ccc([C@@H]2CCCNC2)cc1",,,,,,,,,
xxx_1054,NC(=O)c1cccnc1,1,0.997628706,True,N#Cc1cccnc1,100-54-9,,,,,,,,
xxx_1055,NC(=O)C1CCN(CCCN2c3ccccc3Sc3ccc(Cl)cc32)CC1,2,0.994039854,True,"NC(=O)C1CCN(CCCCl)CC1, Nc1ccc2c(c1)Nc1ccccc1S2",,,,,,,,,
xxx_1056,NC(=O)c1cn(Cc2c(F)cccc2F)nn1,1,0.997628706,True,O=C(O)c1cn(Cc2c(F)cccc2F)nn1,,,,,,,,,
xxx_1057,NC(=O)c1cnc2[nH]ccc2c1N[C@@H]1[C@@H]2CC3C[C@H]1C[C@@](O)(C3)C2,1,0.997628706,True,"N[C@@H]1[C@@H]2CC3C[C@H]1C[C@@](O)(C3)C2, NC(=O)c1cnc2[nH]ccc2c1Cl",,,,,,,,,
xxx_1058,NC(=O)c1cnccn1,1,0.997628706,True,O=C(O)c1cnccn1,98-97-5,,,,,,,,
xxx_1059,NC(=O)c1ncn([C@@H]2O[C@H](CO)[C@@H](O)[C@H]2O)n1,1,0.997628706,True,O=C(O)c1ncn([C@@H]2O[C@H](CO)[C@@H](O)[C@H]2O)n1,,,,,,,,,
xxx_1060,NC(=O)CC[C@H](N)C(=O)O,1,0.997628706,True,CC(C)(C)OC(=O)N[C@@H](CCC(N)=O)C(=O)O,2483-14-9,,,,,,,,
xxx_1062,NC(=O)N[C@@H](CCC(=O)O)C(=O)O,1,0.997628706,True,NC(=O)CC[C@H](NC(N)=O)C(=O)O,,,,,,,,,
xxx_1064,NC(=O)N1c2ccccc2CC(=O)c2ccccc21,1,0.997628706,True,"NC(=O)N1c2ccccc2CCc2ccccc21, CC(=O)O",3564-73-6,157090-22-7,,,,,,,
xxx_1066,NC(=O)NC(=O)Cc1ccccc1,1,0.997628706,True,"O=C(O)Cc1ccccc1, NC(N)=O",103-82-2,4744-36-9,,,,,,,
xxx_1067,NC(=O)NO,1,0.997628706,True,NC(=O)NOCc1ccccc1,2048-50-2,,,,,,,,
xxx_1068,NC(=O)NS(=O)(=O)c1ccc(N)cc1,1,0.997628706,True,NC(=O)NS(=O)(=O)c1ccccc1,35207-08-0,,,,,,,,
xxx_1069,NC(=O)O[C@@H](Cn1ncnn1)c1ccccc1Cl,3,0.986552929,True,"O=C=NC(=O)C(Cl)(Cl)Cl, c1nnn[nH]1, O=C(O)[C@H](O)c1ccccc1Cl",3019-71-4,,,,,,,,
xxx_1070,NC(=O)OCC(COC(N)=O)c1ccccc1,3,0.986552929,True,"O=C=NC(=O)C(Cl)(Cl)Cl, O=C(Cl)Cl, OCC(CO)c1ccccc1",3019-71-4,75-44-5,135871-41-9,,,,,,
xxx_1071,NC(CO)(CO)CO,1,0.997628706,True,O=[N+]([O-])C(CO)(CO)CO,126-11-4,,,,,,,,
xxx_1073,NC(N)=Nc1nc(CSCC/C(N)=N/S(N)(=O)=O)cs1,2,0.994039854,True,"NC(N)=Nc1nc(CCl)cs1, N/C(CCCl)=N\S(N)(=O)=O",,,,,,,,,
xxx_1075,NC(N)=O,1,0.997628706,True,NC(=O)NC(=O)c1ccccc1,614-22-2,,,,,,,,
xxx_1076,NC[C@H](O)c1ccc(O)c(O)c1,1,0.997628706,True,COc1ccc([C@@H](O)CN)cc1OC,61693-05-8,,,,,,,,
xxx_1077,NC[C@H]1CC[C@H](C(=O)O)CC1,1,0.997628706,True,O=C(O)[C@H]1CC[C@H](CNCc2ccccc2)CC1,,,,,,,,,
xxx_1079,NC1(C(=O)N[C@@H](CCO)c2ccc(Cl)cc2)CCN(c2nc[nH]c3nccc2-3)CC1,4,0.975,True,"Clc1nc[nH]c2nccc1-2, N[C@@H](CCO)c1ccc(Cl)cc1, CC(C)(C)OC(=O)OC(=O)OC(C)(C)C, CC(C)(C)OC(=O)N1CCC(N)(C(=O)O)CC1",,,24424-99-5,,,,,,
xxx_1081,NC12CC3CC(CC(C3)C1)C2,1,0.997628706,True,CC(=O)NC12CC3CC(CC(C3)C1)C2,880-52-4,,,,,,,,
xxx_1082,Nc1c2c(nc3ccccc13)CCCC2,1,0.997628706,True,"O=C1CCCCC1, N#Cc1ccccc1N",11119-77-0,1885-29-6,,,,,,,
xxx_1083,Nc1cc(-c2ccncc2)c[nH]c1=O,1,0.997628706,True,"Nc1cc(Br)c[nH]c1=O, OB(O)c1ccncc1",,1692-15-5,,,,,,,
xxx_1084,Nc1cc(Cl)c(N=C2NCCN2)c(Cl)c1,1,0.997628706,True,Clc1cccc(Cl)c1N=C1NCCN1,,,,,,,,,
xxx_1085,Nc1ccc(/N=N/c2ccccc2)c(N)n1,1,0.997628706,True,"N#[N+]c1ccccc1, Nc1cccc(N)n1",14474-43-2,84872-10-6,,,,,,,
xxx_1086,Nc1ccc(C(=O)Oc2ccccc2)c(O)c1,1,0.997628706,True,"Nc1ccc(C(=O)O)c(O)c1, Oc1ccccc1",65-49-6,1336-35-2,,,,,,,
xxx_1087,Nc1ccc(S(=O)(=O)c2ccc(N)cc2)cc1,1,0.997628706,True,Nc1ccc(S(=O)(=O)c2ccccc2)cc1,,,,,,,,,
xxx_1088,Nc1ccc(S(=O)(=O)NC(=O)c2ccccc2)cc1,1,0.997628706,True,"O=C(Cl)c1ccccc1, Nc1ccc(S(N)(=O)=O)cc1",98-88-4,63-74-1,,,,,,,
xxx_1089,Nc1ccc(S(=O)(=O)Nc2ccccn2)cc1,1,0.997628706,True,O=S(=O)(Nc1ccccn1)c1ccccc1,1212-07-3,,,,,,,,
xxx_1091,Nc1ccc(S(=O)(=O)Nc2nccs2)cc1,1,0.997628706,True,O=S(=O)(Nc1nccs1)c1ccccc1,4411-72-7,,,,,,,,
xxx_1092,Nc1ccc(S(N)(=O)=O)cc1,1,0.997628706,True,NS(=O)(=O)c1ccc([N+](=O)[O-])cc1,6325-93-5,,,,,,,,
xxx_1094,Nc1cccc2c1C(=O)N(C1CCC(=O)NC1=O)C2=O,7,0.952371294,True,"Nc1cccc(C(=O)O)c1C(=O)O, O=C(Cl)OCc1ccccc1, CC(C)(C)OC(=O)OC(=O)OC(C)(C)C, CC(C)(C)O, NCCCC(=O)O",5434-20-8,501-53-1,24424-99-5,75-65-0,28805-76-7,,,,
xxx_1096,Nc1ccn(C[C@@H](CO)OCP(=O)(O)O)c(=O)n1,3,0.986552929,True,"Nc1ccn(C[C@H](O)CO)c(=O)n1, CCOP(=O)(CO)OCC, Cc1ccc(S(=O)(=O)O)cc1",,3084-40-0,25231-46-3,,,,,,
xxx_1097,Nc1ccncc1,1,0.997628706,True,O=[N+]([O-])c1ccncc1,1122-61-8,,,,,,,,
xxx_1099,Nc1nc(=O)[nH]cc1F,1,0.997628706,True,COc1ncc(F)c(N)n1,,,,,,,,,
xxx_1104,Nc1nc(=O)c2nc(CNc3ccc(C(=O)N[C@@H](CCC(=O)O)C(=O)O)cc3)cnc2[nH]1,2,0.994039854,True,"N[C@@H](CCC(=O)O)C(=O)O, Nc1ccc(C(=O)Cl)cc1, Nc1nc(=O)c2nc(C=O)cnc2[nH]1",26717-13-5,16106-38-0,23663-21-0,,,,,,
xxx_1105,Nc1nc(CC(=O)Nc2ccc(CCNC[C@H](O)c3ccccc3)cc2)cs1,2,0.994039854,True,"OC[C@H](O)c1ccccc1, Nc1nc(CC(=O)O)cs1, NCCc1ccc(N)cc1",,29676-71-9,13472-00-9,,,,,,
xxx_1108,Nc1nc(N)c2nc(-c3ccccc3)c(N)nc2n1,1,0.997628706,True,"N#CCc1ccccc1, Nc1nc(N)c(N=O)c(N)n1",140-29-4,1006-23-1,,,,,,,
xxx_1109,Nc1nc(-n2cc(C(=O)O)c(=O)c3cc(F)c(N4CC(O)C4)c(Cl)c32)c(F)cc1F,6,0.955960146,True,"OC1CNC1, CCOC(OCC)OCC, NCc1ccccc1, O=C(Cl)c1cc(F)c(F)c(Cl)c1F, CCOC(=O)CC(=O)OCC, CC(C)(C)N, Fc1cc(F)c(F)nc1F",,108055-42-1,100-46-9,,145601-68-9,75-64-9,2875-18-5,,
xxx_1110,Nc1nc(NC2CC2)c2ncn([C@H]3C=C[C@@H](CO)C3)c2n1,2,0.994039854,True,"NC1CC1, O=P(Cl)(Cl)Cl, Nc1nc2c(ncn2[C@H]2C=C[C@@H](CO)C2)c(=O)[nH]1",765-30-0,10025-87-3,,,,,,,
xxx_1111,Nc1nc(O)c2ncn(CCC(CO)CO)c2n1,2,0.994039854,True,"CC1(C)OCC(CCBr)CO1, Nc1nc(O)c2[nH]cnc2n1",97845-58-4,,,,,,,,
xxx_1114,Nc1nc2c(ncn2COCCO)c(=O)[nH]1,1,0.997628706,True,Nc1nc2c(ncn2COCC(=O)O)c(=O)[nH]1,,,,,,,,,
xxx_1115,Nc1nc2ccc(OC(F)(F)F)cc2s1,1,0.997628706,True,NC(=S)Nc1ccc(OC(F)(F)F)cc1,,,,,,,,,
xxx_1118,NCC(=O)CCC(=O)O,1,0.997628706,True,COC(=O)CCC(=O)CN,33320-16-0,,,,,,,,
xxx_1119,NCC(=O)O,1,0.997628706,True,CCOC(=O)CN,,,,,,,,,
xxx_1120,NCC1(CC(=O)O)CCCCC1,1,0.997628706,True,N#CC1(CC(=O)O)CCCCC1,,,,,,,,,
xxx_1121,NCc1ccccc1CC(=O)N[C@@H]1C(=O)N2C(C(=O)O)=C(CSc3nnnn3CC(=O)O)CS[C@H]12,6,0.955960146,True,"O=C(O)Cn1nnnc1S, NCc1ccccc1CC(=O)O, O=C(Cl)Cc1ccccc1, CC(=O)Cl, [NH3+][C@@H]1C(=O)N2C(C(=O)[O-])=C(CO)CS[C@H]12",,40851-65-8,103-80-0,75-36-5,,,,,
xxx_1124,NCCc1c[nH]cn1,1,0.997628706,True,N#CCc1c[nH]cn1,,,,,,,,,
xxx_1125,NCCc1cc[nH]n1,1,0.997628706,True,N#CCc1cc[nH]n1,,,,,,,,,
xxx_1126,NCCc1ccc(O)c(O)c1,1,0.997628706,True,COc1ccc(CCN)cc1OC,120-20-7,,,,,,,,
xxx_1128,NCCCC[C@H](N)C(=O)O,1,0.997628706,True,CC(C)(C)OC(=O)N[C@@H](CCCCN)C(=O)O,,,,,,,,,
xxx_1131,NCCNCCNCCN,1,0.997628706,True,NCCNCC(=O)NCCN,,,,,,,,,
xxx_1132,NCCS,1,0.997628706,True,CC(=O)SCCN,,,,,,,,,
xxx_1133,NNC(=O)c1ccncc1,1,0.997628706,True,CC(C)(C)OC(=O)NNC(=O)c1ccncc1,,,,,,,,,
xxx_1136,NS(=O)(=O)c1ccc(N2CCCCS2(=O)=O)cc1,1,0.997628706,True,"NS(=O)(=O)c1ccc(Br)cc1, O=S1(=O)CCCCN1",701-34-8,37441-50-2,,,,,,,
xxx_1137,NS(=O)(=O)Cc1noc2ccccc12,2,0.994039854,True,O=S(=O)(O)Cc1noc2ccccc12,,,,,,,,,
xxx_1143,O=[N+]([O-])c1cn2c(n1)OC[C@@H](OCc1ccc(OC(F)(F)F)cc1)C2,1,0.997628706,True,"FC(F)(F)Oc1ccc(CCl)cc1, O=[N+]([O-])c1cn2c(n1)OC[C@@H](O)C2",,,,,,,,,
xxx_1148,O=C(/C=C/c1cccc(S(=O)(=O)Nc2ccccc2)c1)NO,3,0.986552929,True,"Nc1ccccc1, O=S(Cl)Cl, COC(=O)/C=C/c1cccc(S(=O)(=O)O)c1, O=C1c2ccccc2C(=O)N1O",62-53-3,7719-09-7,,524-38-9,,,,,
xxx_1166,O=C(c1cc(Cc2n[nH]c(=O)c3ccccc23)ccc1F)N1CCN(C(=O)C2CC2)CC1,3,0.986552929,True,"COC(=O)c1ccccc1C#N, CCOCC, O=C(C1CC1)N1CCNCC1, O=C(O)c1cc(CBr)ccc1F, O=N[N+](=O)[O-]",,60-29-7,,,91913-71-2,,,,
xxx_1167,O=C(c1cc(O)c(O)c(O)c1)c1ccc(O)c(O)c1O,1,0.997628706,True,"O=C(O)c1ccc(O)c(O)c1O, Oc1cccc(O)c1O",610-02-6,87-66-1,,,,,,,
xxx_1170,O=C(c1ccc(OCCN2CCCCC2)cc1)c1c(-c2ccc(O)cc2)sc2cc(O)ccc12,2,0.994039854,True,"O=C(O)c1ccc(OCCN2CCCCC2)cc1, Oc1ccc(Br)cc1, COc1ccc2cc(B(O)O)sc2c1",,106-41-2,,,,,,,
xxx_1171,O=C(Cc1ccc(-c2ccc(OCCN3CCOCC3)cc2)cn1)NCc1ccccc1,2,0.994039854,True,"NCc1ccccc1, OCCN1CCOCC1, COC(=O)Cc1ccc(-c2ccc(O)cc2)cn1",100-46-9,622-40-2,,,,,,,
xxx_1172,O=C(CCBr)N1CCN(C(=O)CCBr)CC1,2,0.994039854,True,"O=C(O)CCBr, O=C(O)CCBr, C1CNCCN1",590-92-1,590-92-1,8017-90-1,,,,,,
xxx_1173,O=C(CCCc1ccccc1)OCC(COC(=O)CCCc1ccccc1)OC(=O)CCCc1ccccc1,3,0.986552929,True,"O=C(O)CCCc1ccccc1, O=C(O)CCCc1ccccc1, O=C(O)CCCc1ccccc1, OCC(O)CO",1821-12-1,1821-12-1,1821-12-1,8043-29-6,,,,,
xxx_1174,O=C(CCCCCCC(=O)Nc1ccccc1)NO,1,0.997628706,True,"CC(C)(C)[Si](C)(C)ON, O=C(O)CCCCCCC(=O)Nc1ccccc1",,,,,,,,,
xxx_1175,O=C(CCCl)NCc1ccccc1,1,0.997628706,True,"NCc1ccccc1, O=C(Cl)CCCl",100-46-9,118261-34-0,,,,,,,
xxx_1176,O=C(CCCN1CC=C(n2c(=O)[nH]c3ccccc32)CC1)c1ccc(F)cc1,1,0.997628706,True,"O=c1[nH]c2ccccc2n1C1=CCNCC1, O=C(CCCO)c1ccc(F)cc1",,,,,,,,,
xxx_1177,O=C(CCCN1CCC(n2c(=O)[nH]c3ccccc32)CC1)c1ccc(F)cc1,1,0.997628706,True,"O=c1[nH]c2ccccc2n1C1CCNCC1, O=C(CCCBr)c1ccc(F)cc1",,,,,,,,,
xxx_1178,O=C(CCCN1CCC(O)(c2cccc(C(F)(F)F)c2)CC1)c1ccc(F)cc1,1,0.997628706,True,"OC1(c2cccc(C(F)(F)F)c2)CCNCC1, Fc1ccc(C2(CCCCl)OCCO2)cc1",2249-28-7,,,,,,,,
xxx_1179,O=C(CO)CO,1,0.997628706,True,O=C(CO)CBr,,,,,,,,,
xxx_1180,O=C(Nc1c(Cl)cncc1Cl)c1ccc(OC(F)F)c(OCC2CC2)c1,2,0.994039854,True,"Nc1c(Cl)cncc1Cl, O=Cc1ccc(OC(F)F)c(OCC2CC2)c1",22889-78-7,,,,,,,,
xxx_1181,O=C(Nc1ccc(Br)cc1)c1cc(Br)cc(Br)c1O,2,0.994039854,True,"Nc1ccc(Br)cc1, O=C(O)c1cccc(Br)c1O",55777-84-9,,,,,,,,
xxx_1182,O=C(Nc1ccc(Br)cc1)c1cc(Br)ccc1O,1,0.997628706,True,"Nc1ccc(Br)cc1, O=C(O)c1cc(Br)ccc1O",55777-84-9,89-55-4,,,,,,,
xxx_1184,O=C(Nc1cccc2c(=O)cc(-c3nnn[nH]3)oc12)c1ccc(OCCCCc2ccccc2)cc1,2,0.994039854,True,"Nc1cccc2c(=O)cc(-c3nnn[nH]3)oc12, BrCCCCc1ccccc1, O=C(O)c1ccc(O)cc1",,13633-25-5,99-96-7,,,,,,
xxx_1185,O=C(Nc1ccccc1)c1cc(Br)cc(Br)c1O,2,0.994039854,True,"Nc1ccccc1, O=C(O)c1cc(Br)ccc1O",62-53-3,89-55-4,,,,,,,
xxx_1187,O=C(Nc1cnn2ccc(N3CCC[C@@H]3c3cc(F)ccc3F)nc12)N1CC[C@H](O)C1,2,0.994039854,True,"O[C@H]1CCNC1, O=C(n1ccnc1)n1ccnc1, Nc1cnn2ccc(Cl)nc12, Fc1ccc(F)c([C@@H]2CCCN2)c1",,128456-94-0,,,,,,,
xxx_1189,O=C(Nc1nc2cccc(-c3ccc(CN4CCS(=O)(=O)CC4)cc3)n2n1)C1CC1,2,0.994039854,True,"Nc1nc2cccc(Br)n2n1, O=C(Cl)C1CC1, O=S1(=O)CCNCC1, OB(O)c1ccc(CBr)cc1",,4023-34-1,39093-93-1,,,,,,
xxx_1191,O=C(NCCN1CCOCC1)c1ccc(Cl)cc1,1,0.997628706,True,"NCCN1CCOCC1, O=C(Cl)c1ccc(Cl)cc1",2038-03-1,122-01-0,,,,,,,
xxx_1192,O=C(NCCO[N+](=O)[O-])c1cccnc1,1,0.997628706,True,"NCCO[N+](=O)[O-], O=C(O)c1cccnc1",646-02-6,123574-58-3,,,,,,,
xxx_1193,O=C(O)[C@@H](O)[C@H](O)C(=O)O,1,0.997628706,True,COC(=O)[C@@H](O)[C@H](O)C(=O)O,,,,,,,,,
xxx_1194,O=C(O)[C@H]1/C(=C/CO)O[C@@H]2CC(=O)N21,1,0.997628706,True,COC(=O)[C@H]1/C(=C/CO)O[C@@H]2CC(=O)N21,,,,,,,,,
xxx_1195,O=C(O)C(O)c1ccccc1,1,0.997628706,True,"O=Cc1ccccc1, CCOC(C)=O",100-52-7,141-78-6,,,,,,,
xxx_1197,O=C(O)C[C@H]1CCc2c1[nH]c1ccc(OCc3ccc(C4CCCC4)c(C(F)(F)F)c3)cc21,5,0.963447071,True,"O=C1CCC(=O)N1Br, COc1ccc(N)c(I)c1, CCOC(=O)C[C@H]1CCCC1=O, OB(O)C1=CCCC1, Cc1cccc(C(F)(F)F)c1",3493-39-8,,20826-94-2,,401-79-6,,,,
xxx_1198,O=C(O)C1=C(CSc2nnnn2CS(=O)(=O)O)CS[C@@H]2[C@H](NC(=O)[C@H](O)c3ccccc3)C(=O)N12,4,0.975,True,"O=C(Cl)[C@H](O)c1ccccc1, O=S(=O)(O)Cn1nnnc1S, CC(=O)Cl, [NH3+][C@@H]1C(=O)N2C(C(=O)[O-])=C(CO)CS[C@H]12",,,75-36-5,,,,,,
xxx_1200,O=C(O)c1cc(-c2ccc(F)cc2F)ccc1O,1,0.997628706,True,"O=C(O)c1cc(B(O)O)ccc1O, Fc1ccc(Br)c(F)c1",,348-57-2,,,,,,,
xxx_1201,O=C(O)c1ccc(-n2nc(-c3ccccc3O)nc2-c2ccccc2O)cc1,1,0.997628706,True,"NNc1ccc(C(=O)O)cc1, O=c1nc(-c2ccccc2O)oc2ccccc12",619-67-0,,,,,,,,
xxx_1202,O=C(O)c1ccc2nc(-c3cc(Cl)cc(Cl)c3)oc2c1,1,0.997628706,True,"O=Cc1cc(Cl)cc(Cl)c1, Nc1ccc(C(=O)O)cc1O",10203-08-4,2374-03-0,,,,,,,
xxx_1203,O=C(O)c1cccc(-c2noc(-c3ccccc3F)n2)c1,1,0.997628706,True,"O=C(O)c1ccccc1F, N=C(NO)c1cccc(C(=O)O)c1",445-29-4,,,,,,,,
xxx_1204,O=C(O)c1ccccc1,1,0.997628706,True,COC(=O)c1ccccc1,93-58-3,,,,,,,,
xxx_1205,O=C(O)c1cn(C2CC2)c2cc(N3CCNCC3)c(F)cc2c1=O,4,0.975,True,"C1CNCCN1, OB(O)C1CC1, COc1ccc(CCl)cc1, O=C(O)c1c[nH]c2cc(F)c(F)cc2c1=O",8017-90-1,,824-94-2,,,,,,
xxx_1208,O=C(O)Cc1ccccc1Oc1ccc(Cl)cc1Cl,1,0.997628706,True,"O=C(O)Cc1ccccc1F, Oc1ccc(Cl)cc1Cl",451-82-1,120-83-2,,,,,,,
xxx_1209,O=C(O)CCC(=O)OC[C@@H](NC(=O)C(Cl)Cl)[C@H](O)c1ccc([N+](=O)[O-])cc1,2,0.994039854,True,"O=C1CCC(=O)O1, O=C(O)C(Cl)Cl, N[C@H](CO)[C@H](O)c1ccc([N+](=O)[O-])cc1",108-30-5,79-43-6,,,,,,,
xxx_1210,O=C(O)CCCC[C@@H]1SC[C@@H]2NC(=O)N[C@@H]21,1,0.997628706,True,O=C1N[C@H]2[C@H](CS[C@H]2CCCCCO)N1,,,,,,,,,
xxx_1211,O=C(O)CCCc1ccc(N(CCCl)CCCl)cc1,1,0.997628706,True,"ClCCNCCCl, O=C(O)CCCc1ccc(F)cc1",,589-06-0,,,,,,,
xxx_1212,O=C(O)CCCc1ccccc1,1,0.997628706,True,O=C(O)CCC(=O)c1ccccc1,2051-95-8,,,,,,,,
xxx_1213,O=C(O)CCCCCCCC(=O)O,1,0.997628706,True,CCOC(=O)CCCCCCCC(=O)O,,,,,,,,,
xxx_1214,O=C(O)CCCCCCNC1c2ccccc2CCc2ccccc21,1,0.997628706,True,"NC1c2ccccc2CCc2ccccc21, O=CCCCCCC(=O)O",7005-53-0,35923-65-0,,,,,,,
xxx_1216,O=C(O)CCn1c2c(c3ccccc31)C[C@H](NS(=O)(=O)c1ccc(F)cc1)CC2,5,0.963447071,True,"O=S(Cl)Cl, O=S(=O)(O)c1ccc(F)cc1, COC(=O)CCBr, CC(C)(C)OC(=O)OC(=O)OC(C)(C)C, N[C@@H]1CCc2[nH]c3ccccc3c2C1",7719-09-7,368-88-7,3395-91-3,24424-99-5,,,,,
xxx_1218,O=C(O)CNC(=O)C1C(=O)N(C2CCCCC2)C(=O)N(C2CCCCC2)C1=O,5,0.963447071,True,"O=C=NC1CCCCC1, NC1CCCCC1, NCC(=O)OCc1ccccc1, O=C(O)C(C(=O)O)C(=O)O",3173-53-3,157973-60-9,1738-68-7,,,,,,
xxx_1219,O=C(O)CNC(=O)c1ncc(-c2cccc(Cl)c2)cc1O,1,0.997628706,True,"O=C(O)c1ncc(-c2cccc(Cl)c2)cc1O, CC(C)(C)OC(=O)CN",,6456-74-2,,,,,,,
xxx_1220,O=C(O)COc1ccc(C(=O)c2cccs2)c(Cl)c1Cl,1,0.997628706,True,"O=C(Cl)c1cccs1, O=C(O)COc1cccc(Cl)c1Cl",5271-67-0,2976-74-1,,,,,,,
xxx_1221,O=C(O)COCCN1CCN(C(c2ccccc2)c2ccc(Cl)cc2)CC1,4,0.975,True,"O=C(Cl)c1ccc(Cl)cc1, c1ccccc1, CC(C)(C)OC(=O)N1CCNCC1, CCOC(=O)COCCBr",122-01-0,27271-55-2,,,,,,,
xxx_1223,O=C(O)P(=O)(O)O,5,0.963447071,True,"O=C(Cl)OCc1ccccc1, COP(OC)OC",501-53-1,121-45-9,,,,,,,
xxx_1224,O=C(O[C@@H]1C[C@@H]2C[C@H]3C[C@H](C1)N2CC3=O)c1c[nH]c2ccccc12,1,0.997628706,True,"O=C(O)c1c[nH]c2ccccc12, O=C1CN2[C@@H]3C[C@@H](O)C[C@H]2C[C@@H]1C3",771-50-6,,,,,,,,
xxx_1227,O=C(O[C@H]1CN2CCC1CC2)N1CCc2ccccc2[C@@H]1c1ccccc1,2,0.994039854,True,"c1ccc([C@@H]2NCCc3ccccc32)cc1, O=C(Cl)Cl, O[C@H]1CN2CCC1CC2",,75-44-5,25333-42-0,,,,,,
xxx_1228,O=C(OCC(O)CO)c1ccccc1Nc1ccnc2cc(Cl)ccc12,3,0.986552929,True,"C=CCOC(=O)c1ccccc1N, O=P(Cl)(Cl)Cl, Oc1ccnc2cc(Cl)ccc12",7493-63-2,10025-87-3,,,,,,,
xxx_1229,O=C(OCCN1CCN(c2cccc(C(F)(F)F)c2)CC1)c1ccccc1Nc1ccnc2cc(C(F)(F)F)ccc12,3,0.986552929,True,"COC(=O)c1ccccc1N, O=P(Cl)(Cl)Cl, Oc1ccnc2cc(C(F)(F)F)ccc12, OCCBr, FC(F)(F)c1cccc(N2CCNCC2)c1",134-20-3,10025-87-3,,1867-11-4,,,,,
xxx_1230,O=C(OOC(=O)c1ccccc1)c1ccccc1,2,0.994039854,True,"O=C(O)c1ccccc1, O=C(O)c1ccccc1",65-85-0,65-85-0,,,,,,,
xxx_1231,O=C1[C@@H]2[C@H]3CC[C@H](C3)[C@@H]2C(=O)N1C[C@@H]1CCCC[C@H]1CN1CCN(c2nsc3ccccc23)CC1,5,0.963447071,True,"O=C1NC(=O)[C@H]2[C@@H]3CC[C@@H](C3)[C@@H]12, c1ccc2c(N3CCNCC3)nsc2c1, COC(=O)[C@@H]1CCCC[C@H]1CCl",,,,,,,,,
xxx_1232,O=c1[nH]c(=O)n([C@H]2C[C@H](O)[C@@H](CO)O2)cc1C(F)(F)F,1,0.997628706,True,"FC(F)(F)I, O=c1ccn([C@H]2C[C@H](O)[C@@H](CO)O2)c(=O)[nH]1",2314-97-8,20649-53-0,,,,,,,
xxx_1233,O=c1[nH]c(=O)n([C@H]2C[C@H](O)[C@@H](CO)O2)cc1F,1,0.997628706,True,O=c1ccn([C@H]2C[C@H](O)[C@@H](CO)O2)c(=O)[nH]1,20649-53-0,,,,,,,,
xxx_1234,O=c1[nH]c(=O)n([C@H]2C[C@H](O)[C@@H](CO)O2)cc1I,1,0.997628706,True,O=c1ccn([C@H]2C[C@H](O)[C@@H](CO)O2)c(=O)[nH]1,20649-53-0,,,,,,,,
xxx_1235,O=c1[nH]c(=O)n(C2CCCO2)cc1F,1,0.997628706,True,"C1=COCC1, O=c1[nH]cc(F)c(=O)[nH]1",36312-17-1,1004-03-1,,,,,,,
xxx_1237,O=c1[nH]c2ccccc2n1CCN1CCN(c2cccc(C(F)(F)F)c2)CC1,1,0.997628706,True,"FC(F)(F)c1cccc(N2CCNCC2)c1, O=c1[nH]c2ccccc2n1CCBr",,,,,,,,,
xxx_1238,O=c1[nH]cc(F)c(=O)[nH]1,1,0.997628706,True,O=c1cc[nH]c(=O)[nH]1,66-22-8,,,,,,,,
xxx_1239,O=c1[nH]cnc2c1ncn2[C@H]1CC[C@@H](CO)O1,1,0.997628706,True,O=c1[nH]cnc2c1ncn2[C@H]1C=C[C@@H](CO)O1,,,,,,,,,
xxx_1242,O=C1c2c(O)cccc2Cc2cccc(O)c21,1,0.997628706,True,O=C1c2cccc(O)c2C(=O)c2c(O)cccc21,343235-40-5,,,,,,,,
xxx_1243,O=C1c2cccc(O)c2C(=O)c2c(O)cccc21,1,0.997628706,True,O=C1c2ccccc2C(=O)c2c(O)cccc21,129-43-1,,,,,,,,
xxx_1244,O=C1c2ccccc2C(=O)C1c1ccccc1,1,0.997628706,True,"O=Cc1ccccc1, O=C1OCc2ccccc21",100-52-7,87-41-2,,,,,,,
xxx_1246,O=C1CC2(CCCC2)CC(=O)N1CCCCN1CCN(c2ncccn2)CC1,1,0.997628706,True,"c1cnc(N2CC[N+]3(CCCC3)CC2)nc1, O=C1CC2(CCCC2)CC(=O)N1",,1075-89-4,,,,,,,
xxx_1247,O=C1Cc2cc(CCN3CCN(c4nsc5ccccc45)CC3)c(Cl)cc2N1,1,0.997628706,True,"c1ccc2c(N3CCNCC3)nsc2c1, O=C1Cc2cc(CCCl)c(Cl)cc2N1",,,,,,,,,
xxx_1248,O=C1CCC(N2C(=O)c3ccccc3C2=O)C(=O)N1,4,0.975,True,"O=C1OC(=O)c2ccccc21, NCc1ccccc1, O=C1CCCC(=O)N1",85-44-9,100-46-9,1121-89-7,,,,,,
xxx_1249,O=C1CCc2cc(OCCCCc3nnnn3C3CCCCC3)ccc2N1,1,0.997628706,True,"ClCCCCc1nnnn1C1CCCCC1, O=C1CCc2cc(O)ccc2N1",,54197-66-9,,,,,,,
xxx_1250,O=C1CCc2ccc(OCCCCN3CCN(c4cccc(Cl)c4Cl)CC3)cc2N1,1,0.997628706,True,"Clc1cccc(N2CCNCC2)c1Cl, O=C1CCc2ccc(OCCCCO)cc2N1",,,,,,,,,
xxx_1251,O=c1ccc2ccc(OCCCCN3CCN(c4cccc5sccc45)CC3)cc2[nH]1,2,0.994039854,True,"O=c1ccc2ccc(O)cc2[nH]1, BrCCCCBr, c1cc(N2CCNCC2)c2ccsc2c1",,110-52-1,,,,,,,
xxx_1252,O=C1CCCC(=O)C1C(=O)c1ccc(C(F)(F)F)cc1[N+](=O)[O-],2,0.994039854,True,"O=C1CCCC(=O)C1, O=C(O)c1ccc(C(F)(F)F)cc1[N+](=O)[O-]",504-02-9,,,,,,,,
xxx_1253,O=C1CCO1,1,0.997628706,True,O=C(O)CCO,503-66-2,,,,,,,,
xxx_1254,O=C1CN=C(c2ccccc2)c2cc([N+](=O)[O-])ccc2N1,1,0.997628706,True,"Nc1ccc([N+](=O)[O-])cc1C(=O)c1ccccc1, CCOC(=O)CN",1775-95-7,,,,,,,,
xxx_1255,O=C1CN=C(c2ccccc2)c2cc(Cl)ccc2N1CC(F)(F)F,2,0.994039854,True,"FC(F)(F)CI, O=C1CN=C(c2ccccc2)c2ccccc2N1",353-83-3,2898-08-0,,,,,,,
xxx_1256,O=C1CN=C(c2ccccc2)c2cc(Cl)ccc2N1CC1CC1,3,0.986552929,True,"BrCC1CC1, C1N2CN3CN1CN(C2)C3, Nc1ccc(Cl)cc1C(=O)c1ccccc1, O=C(Cl)CCl",7051-34-5,24911-88-4,68863-78-5,79-04-9,,,,,
xxx_1257,O=C1CN=C(c2ccccc2Cl)c2cc([N+](=O)[O-])ccc2N1,2,0.994039854,True,"C1N2CN3CN1CN(C2)C3, O=C(Cl)c1ccccc1Cl, O=C(CCl)Nc1ccc([N+](=O)[O-])cc1",24911-88-4,1321-03-5,17329-87-2,,,,,,
xxx_1258,O=C1CN=C(c2ccccn2)c2cc(Br)ccc2N1,2,0.994039854,True,"O=C1CCC(=O)N1Br, Nc1ccccc1C(=O)c1ccccn1, CCOC(=O)CN",3493-39-8,,,,,,,,
xxx_1259,O=c1n(CCCN2CCN(c3cccc(Cl)c3)CC2)nc2ccccn12,1,0.997628706,True,"Clc1cccc(N2CCNCC2)c1, O=c1n(CCCO)nc2ccccn12",6640-24-0,,,,,,,,
xxx_1265,O=C1Nc2ccccc2C1(c1ccc(O)cc1)c1ccc(O)cc1,5,0.963447071,True,"c1ccc(COc2ccccc2)cc1, COc1ccc(CCl)cc1, O=C1Nc2ccccc2C1=O, Oc1ccc(Br)cc1",31324-44-4,824-94-2,84788-92-1,106-41-2,,,,,
xxx_1266,O=C1NCCN1CCN1CCC(c2cn(-c3ccc(F)cc3)c3ccc(Cl)cc23)CC1,2,0.994039854,True,"Fc1ccc(I)cc1, Clc1ccc2[nH]cc(C3CCNCC3)c2c1, O=C1NCCN1CCCl",352-34-1,,2387-20-4,,,,,,
xxx_1267,O=C1NCN(c2ccccc2)C12CCN(CCCC(c1ccc(F)cc1)c1ccc(F)cc1)CC2,7,0.952371294,True,"O=C1NCN(c2ccccc2)C12CCNCC2, O=S(Cl)Cl, Fc1cccc(F)c1, CCOC(=O)CCC(=O)c1ccc(F)cc1",,7719-09-7,372-18-9,,,,,,
xxx_1269,O=C1OC(c2ccc(O)cc2)(c2ccc(O)cc2)c2ccccc21,1,0.997628706,True,"O=C(O)c1ccccc1C(=O)c1ccc(O)cc1, Oc1ccccc1",85-57-4,1336-35-2,,,,,,,
xxx_1270,O=c1oc2ccccc2c(O)c1Cc1c(O)c2ccccc2oc1=O,7,0.952371294,True,"COc1cc(=O)oc2ccccc12, O=Cc1c(O)c2ccccc2oc1=O",20280-81-3,,,,,,,,
xxx_1271,O=NN(CCCl)C(=O)NC1CCCCC1,1,0.997628706,True,O=C(NCCCl)NC1CCCCC1,13908-11-7,,,,,,,,
xxx_1272,O=NN(CCCl)C(=O)NCCCl,1,0.997628706,True,O=C(NCCCl)NCCCl,2214-72-4,,,,,,,,
xxx_1279,O=P(O)(O)O,1,0.997628706,True,CCOP(=O)(O)OCC,598-02-7,,,,,,,,
xxx_1281,O=P(O)(O)OCC(Cl)(Cl)Cl,1,0.997628706,True,"COP(=O)(OC)OC, OCC(Cl)(Cl)Cl",91316-44-8,115-20-8,,,,,,,
xxx_1287,O=S(=O)(O)c1cc(O)ccc1O,1,0.997628706,True,COc1ccc(OC)c(S(=O)(=O)O)c1,,,,,,,,,
xxx_1288,O=S(=O)(O)CCS,1,0.997628706,True,CC(=O)SCCS(=O)(=O)O,,,,,,,,,
xxx_1292,O=S(O)CNc1ccc(S(=O)(=O)c2ccc(NCS(=O)O)cc2)cc1,3,0.986552929,True,"NCS(=O)O, NCS(=O)O, O=S(=O)(O)c1ccc(Cl)cc1, Clc1ccccc1",,,98-66-8,68411-45-0,,,,,
xxx_1294,OB(O)O,1,0.997628706,True,CC1(C)OB(O)OC1(C)C,,,,,,,,,
xxx_1296,OC(CCCN1CCCCC1)(c1ccccc1)c1ccccc1,1,0.997628706,True,"C1CCNCC1, OCCCC(O)(c1ccccc1)c1ccccc1",110-89-4,1023-94-5,,,,,,,
xxx_1297,OC(CCN1CCCC1)(c1ccccc1)C1CCCCC1,3,0.986552929,True,"C1CCNC1, CCOC(C)=O, O=C(c1ccccc1)C1CCCCC1",,141-78-6,712-50-5,,,,,,
xxx_1298,OC(CCN1CCCCC1)(c1ccccc1)C1CCCC1,3,0.986552929,True,"C1CCNCC1, C=CCBr, O=C(c1ccccc1)C1CCCC1",110-89-4,106-95-6,5422-88-8,,,,,,
xxx_1299,OC(CCN1CCCCC1)(c1ccccc1)C1CCCCC1,3,0.986552929,True,"C1CCNCC1, CCOC(C)=O, O=C(c1ccccc1)C1CCCCC1",110-89-4,141-78-6,712-50-5,,,,,,
xxx_1306,Oc1c(Cl)cc(Cl)c2cccnc12,1,0.997628706,True,"O=C1CCC(=O)N1Cl, Oc1c(Cl)ccc2cccnc12",128-09-6,876-86-8,,,,,,,
xxx_1307,Oc1cc(Cl)ccc1Oc1ccc(Cl)cc1Cl,1,0.997628706,True,"Oc1cc(Cl)ccc1F, Oc1ccc(Cl)cc1Cl",,120-83-2,,,,,,,
xxx_1309,Oc1ccc(CCCCNC[C@H](O)c2ccc(O)c(O)c2)cc1,1,0.997628706,True,"NC[C@H](O)c1ccc(O)c(O)c1, O=C(O)CCCc1ccc(O)cc1",51-41-2,7021-11-6,,,,,,,
xxx_1310,Oc1ccc(CCNCCCCCCNCCc2ccccc2)cc1O,2,0.994039854,True,"O=CCc1ccc(O)c(O)c1, NCCCCCC(=O)NCCc1ccccc1",,,,,,,,,
xxx_1311,Oc1ccc(O)cc1,1,0.997628706,True,COc1ccc(O)cc1,150-76-5,,,,,,,,
xxx_1312,Oc1ccc(OCc2ccccc2)cc1,1,0.997628706,True,"BrCc1ccccc1, Oc1ccc(O)cc1",100-39-0,57534-13-1,,,,,,,
xxx_1316,Oc1cccc(O)c1O,1,0.997628706,True,Oc1ccccc1O,37349-32-9,,,,,,,,
xxx_1317,Oc1nc(O)c2cn[nH]c2n1,1,0.997628706,True,"Nc1[nH]ncc1C(=O)O, NC(N)=O",,4744-36-9,,,,,,,
xxx_1318,Oc1ncc(N(CCCl)CCCl)c(O)n1,1,0.997628706,True,OCCN(CCO)c1cnc(O)nc1O,,,,,,,,,
xxx_1319,Oc1ncnc2[nH]ncc12,1,0.997628706,True,"CN(C)C=O, CCOC(=O)c1cn[nH]c1N",68-12-2,6994-25-8,,,,,,,
xxx_1321,OCc1cc([C@@H](O)CNCCCCCCOCCOCc2c(Cl)cccc2Cl)ccc1O,2,0.994039854,True,"O=C[C@H](O)c1ccc(O)c(CO)c1, NCCCCCCBr, OCCOCc1c(Cl)cccc1Cl",,,,,,,,,
xxx_1322,OCc1ccc(Cl)cc1Cl,1,0.997628706,True,O=C(O)c1ccc(Cl)cc1Cl,50-84-0,,,,,,,,
xxx_1323,OCCN(CCO)c1nc(N2CCCCC2)c2nc(N(CCO)CCO)nc(N3CCCCC3)c2n1,5,0.963447071,True,"OCCNCCO, OCCNCCO, C1CCNCC1, C1CCNCC1, O=C1CCC(=O)N1Br, Clc1nc(Cl)c2ncnc(Cl)c2n1",61791-44-4,61791-44-4,110-89-4,110-89-4,3493-39-8,77776-68-2,,,
xxx_1324,OCCN(CCO)CCO,1,0.997628706,True,"OCCBr, OCCNCCO",1867-11-4,61791-44-4,,,,,,,
xxx_1326,OCCN1CCN(CCCN2c3ccccc3Sc3ccc(Cl)cc32)CC1,2,0.994039854,True,"OCCN1CCN(CCCCl)CC1, Nc1ccc2c(c1)Nc1ccccc1S2",,,,,,,,,
xxx_1328,OCCOc1ccccc1,1,0.997628706,True,"OCCBr, Oc1ccccc1",1867-11-4,1336-35-2,,,,,,,
xxx_1329,OCCOCCN1CCN(C(c2ccccc2)c2ccc(Cl)cc2)CC1,3,0.986552929,True,"N#Cc1ccccc1, Clc1ccc(Br)cc1, OCCOCCN(CCO)CCO",100-47-0,106-39-8,17626-34-5,,,,,,
xxx_1333,Sc1ncnc2[nH]ncc12,1,0.997628706,True,Clc1ncnc2[nH]ncc12,5399-92-8,,,,,,,,
