num,target,number_of_steps,top_score,is_solved,reactants_smiles,cas_1,cas_2,cas_3,cas_4,cas_5,cas_6,cas_7
xxx_0002,c1cncc([C@@H]2CCCCN2)c1,1,0.997628706,True,O=C1CCC[C@@H](c2cccnc2)N1,,,,,,,
xxx_0003,Cc1ccc(C(C)C)cc1O,1,0.997628706,True,COc1cc(C(C)C)ccc1C,6379-73-3,,,,,,
xxx_0004,C=C(C)[C@H]1CC=C(C)CC1,1,0.997628706,True,CC1=CC[C@H](C(C)(C)O)CC1,7785-53-7,,,,,,
xxx_0005,O=C1CCC[C@@H]2[C@H]3CCCN4CCC[C@@H](CN12)[C@@H]34,1,0.997628706,True,O=C1C=CC[C@@H]2[C@H]3CCCN4CCC[C@@H](CN12)[C@@H]34,,,,,,,
xxx_0006,CN1CCC[C@H]1c1cccnc1,1,0.997628706,True,CC(C)(C)OC(=O)N1CCC[C@H]1c1cccnc1,,,,,,,
xxx_0007,c1cncc([C@@H]2CCCN2)c1,1,0.997628706,True,CC(C)(C)OC(=O)N1CCC[C@H]1c1cccnc1,,,,,,,
xxx_0009,C/C=C\CC1=C(C)[C@@H](OC(=O)[C@@H]2[C@@H](C=C(C)C)C2(C)C)CC1=O,3,0.986552929,True,"CC(C)=C[C@@H]1[C@@H](C(=O)Cl)C1(C)C, C#CCC1=C(C)[C@@H](O)CC1=O",,77087-34-4,,,,,
xxx_0011,CC/C=C\CC1=C(C)[C@@H](OC(=O)[C@@H]2[C@@H](C=C(C)C)C2(C)C)CC1=O,4,0.975,True,"CC(C)=C[C@@H]1[C@@H](C(=O)Cl)C1(C)C, C#CCC1=C(C)[C@@H](O)CC1=O",,77087-34-4,,,,,
xxx_0019,CN=C(O)Oc1cccc2c1OC(C)(C)O2,2,0.994039854,True,"COC(C)(C)OC, CN=C(O)Oc1cccc(O)c1",77-76-9,,,,,,
xxx_0020,CN=C(O)Oc1cccc2ccccc12,2,0.994039854,True,"O=C1CCC(=O)N1Br, CN=C(O)Oc1c(C)ccc2ccccc12",3493-39-8,,,,,,
xxx_0022,CN=C(O)Oc1cccc2c1OC(C)(C)C2,1,0.997628706,True,CN=C(O)Oc1cccc2c1OC(C)(C)C2=O,,,,,,,
xxx_0023,CN=C(O)ON=CC(C)(C)SC,1,0.997628706,True,CN=C(O)ON=CC(C)(C)S(C)(=O)=O,,,,,,,
xxx_0024,CN=C(O)ON=CC(C)(C)S(C)(=O)=O,1,0.997628706,True,"CN=C(O)ON=CC(C)(C)SC, O=C(OO)c1cccc(Cl)c1",,937-14-4,,,,,
xxx_0034,C=CCN(CC=C)c1c(C)cc(OC(O)=NC)cc1C,2,0.994039854,True,"C=CCNCC=C, CN=C(O)Oc1cc(C)cc(C)c1",124-02-7,,,,,,
xxx_0035,CN=C(O)Oc1ccc(N(C)C)c(C)c1,2,0.994039854,True,CN=C(O)Oc1cccc(C)c1,,,,,,,
xxx_0036,CCC(CC)c1cccc(OC(O)=NC)c1,2,0.994039854,True,CN=C(O)Oc1cccc(C(C)C)c1,,,,,,,
xxx_0037,CN=C(O)Oc1cc(C(C)(C)C)cc(C(C)(C)C)c1,2,0.994039854,True,"CC(C)(C)Cl, CC(C)(C)Cl, CN=C(O)Oc1ccccc1",507-20-0,507-20-0,,,,,
xxx_0038,CN=C(O)Oc1cc(C)c(C)cc1Cl,1,0.997628706,True,CN=C(O)Oc1ccc(C)c(C)c1,,,,,,,
xxx_0040,CN=C(O)Oc1ccccc1Cl,1,0.997628706,True,CN=C(O)Oc1ccccc1,,,,,,,
xxx_0041,CN=C(O)Oc1ccccc1C,1,0.997628706,True,CN=C(O)Oc1ccccc1,,,,,,,
xxx_0042,CN=C(O)Oc1ccccc1C1OCCO1,2,0.994039854,True,"OCCO, CN=C(O)Oc1ccccc1, CN(C)C=O",37221-95-7,,68-12-2,,,,
xxx_0043,CCSc1ccc(OC(O)=NC)cc1,1,0.997628706,True,CN=C(O)Oc1ccc(SC)cc1,,,,,,,
xxx_0044,CCSCc1ccccc1OC(O)=NC,3,0.986552929,True,"O=C1CCC(=O)N1Br, CCSC(C)=O, CN=C(O)Oc1ccccc1",3493-39-8,59094-77-8,,,,,
xxx_0045,CCc1cc(CC)cc(OC(O)=NC)c1,4,0.975,True,"C#C[Si](C)(C)C, CCc1cccc(OC(O)=NC)c1",1066-54-2,,,,,,
xxx_0046,CCC(C)c1ccccc1OC(O)=NC,1,0.997628706,True,CN=C(O)Oc1ccccc1C(C)C,,,,,,,
xxx_0047,CN=C(O)Oc1ccccc1C(C)C,1,0.997628706,True,"CN=C(O)Oc1ccccc1, CC(C)O",,8013-70-5,,,,,
xxx_0048,CN=C(O)Oc1cc(C)c(SC)c(C)c1,1,0.997628706,True,CN=C(O)Oc1cc(C)c(SC#N)c(C)c1,,,,,,,
xxx_0049,CN=C(O)Oc1cccc(C)c1,1,0.997628706,True,CN=C(O)Oc1ccccc1,,,,,,,
xxx_0050,CN=C(O)Oc1cc(C)c(N(C)C)c(C)c1,1,0.997628706,True,CN=C(O)Oc1ccc(N(C)C)c(C)c1,,,,,,,
xxx_0051,CCCC(=O)N(C)C(=O)Oc1cc(C)cc(C(C)C)c1,1,0.997628706,True,"CCCC(=O)O, CNC(=O)Oc1cc(C)cc(C(C)C)c1",107-92-6,2631-37-0,,,,,
xxx_0052,CN=C(O)Oc1cc(C)cc(C(C)C)c1,1,0.997628706,True,CN=C(O)Oc1cccc(C(C)C)c1,,,,,,,
xxx_0053,CN=C(O)Oc1ccccc1OC(C)C,2,0.994039854,True,"CC(C)Br, CN=C(O)Oc1ccccc1OC",75-26-3,,,,,,
xxx_0054,CN=C(O)Oc1cc(C)cc(C)c1C,1,0.997628706,True,CN=C(O)Oc1cc(C)cc(C)c1,,,,,,,
xxx_0055,CN=C(O)Oc1cc(C)cc(C)c1,1,0.997628706,True,CN=C(O)Oc1cccc(C)c1,,,,,,,
xxx_0056,CN=C(O)Oc1ccc(C)c(C)c1,1,0.997628706,True,CN=C(O)Oc1cccc(C)c1,,,,,,,
xxx_0061,Cc1cc(C(F)(C(F)(F)F)C(F)(F)F)ccc1NC(=O)c1cccc(Cl)c1C(O)=NC(C)(C)C#N,2,0.994039854,True,"CC(C)(C#N)N=C(O)c1ccccc1Cl, FC(F)(F)C(F)(Br)C(F)(F)F, Cc1ccccc1N=C=O",,,614-68-6,,,,
xxx_0063,CN=C(O)c1cc(C#N)cc(C)c1NC(=O)c1cc(Cn2nnc(C(F)(F)F)n2)nn1-c1ncccc1Cl,3,0.986552929,True,"CN=C(O)c1cc(C#N)cc(C)c1N, Clc1cccnc1Cl, FC(F)(F)c1nnn(Cc2cc[nH]n2)n1",,2402-77-9,,,,,
xxx_0064,O=[N+]([O-])c1cc(C2CCCCC2)c(O)c([N+](=O)[O-])c1,1,0.997628706,True,"C1=CCCCC1, O=[N+]([O-])c1ccc(O)c([N+](=O)[O-])c1",7493-04-1,51-28-5,,,,,
xxx_0065,Cc1c([N+](=O)[O-])cc([N+](=O)[O-])c(O)c1C(C)C,1,0.997628706,True,CC(C)c1cc([N+](=O)[O-])cc([N+](=O)[O-])c1O,118-95-6,,,,,,
xxx_0066,CCCC(C)c1cc([N+](=O)[O-])cc([N+](=O)[O-])c1O,3,0.986552929,True,"CCCC(C)=O, O=[N+]([O-])c1cc(Br)cc([N+](=O)[O-])c1",27154-67-2,18242-39-2,,,,,
xxx_0067,Cc1cc([N+](=O)[O-])cc([N+](=O)[O-])c1O,1,0.997628706,True,COc1c(C)cc([N+](=O)[O-])cc1[N+](=O)[O-],29027-13-2,,,,,,
xxx_0070,Cc1ccc(N=CN(C)C=Nc2ccc(C)cc2C)c(C)c1,2,0.994039854,True,"Cc1ccc(N)c(C)c1, CNC=Nc1ccc(C)cc1C",95-68-1,,,,,,
xxx_0071,Cc1cc(Cl)ccc1N=CN(C)C,1,0.997628706,True,"Cc1cc(Cl)ccc1N, COC(OC)N(C)C",87999-30-2,,,,,,
xxx_0072,CN=C(O)Oc1cccc(N=CN(C)C)c1,1,0.997628706,True,"COC(OC)N(C)C, CN=C(O)Oc1cccc(N)c1",,,,,,,
xxx_0073,CN=C(O)Oc1ccc(N=CN(C)C)c(C)c1,2,0.994039854,True,"COC(OC)N(C)C, CN=C(O)Oc1cccc(C)c1",,,,,,,
xxx_0077,Clc1ccc(Cl)cc1,1,0.997628706,True,Clc1ccccc1,68411-45-0,,,,,,
xxx_0078,CC(Cl)(Cl)Cl,2,0.994039854,True,CCC(Cl)(Cl)Cl,7789-89-1,,,,,,
xxx_0079,c1ccc2ccccc2c1,1,0.997628706,True,O=C1C=CC(=O)c2ccccc21,130-15-4,,,,,,
xxx_0083,N=c1[nH]c(=N)[nH]c(=NC2CC2)[nH]1,1,0.997628706,True,CC(C)N=c1[nH]c(=N)[nH]c(=N)[nH]1,,,,,,,
xxx_0085,O=C(N=C(O)c1ccccc1Cl)Nc1ccc(Cl)cc1,2,0.994039854,True,O=C(N=C(O)c1ccccc1)Nc1ccccc1,,,,,,,
xxx_0087,O=C(N=C(O)c1c(Cl)cccc1Cl)Nc1ccc(Cl)cc1,3,0.986552929,True,O=C(N=C(O)c1ccccc1)Nc1ccccc1,,,,,,,
xxx_0088,O=C(N=C(O)c1c(F)cccc1F)Nc1ccc(Cl)cc1,3,0.986552929,True,"NC(=O)N=C(O)c1c(F)cccc1F, O=[N+]([O-])c1cc(Cl)ccc1F",,345-18-6,,,,,
xxx_0089,O=C(N=C(O)c1c(F)cccc1F)Nc1ccc(CON=C(c2ccc(Cl)cc2)C2CC2)cc1,6,0.955960146,True,"O/N=C(/c1ccc(Cl)cc1)C1CC1, O=C(N=C(O)c1ccccc1)Nc1ccccc1",67038-82-8,,,,,,
xxx_0095,O=C(N=C(O)c1c(F)cccc1F)Nc1ccc(C(F)(F)F)cc1,3,0.986552929,True,"NC(=O)N=C(O)c1c(F)cccc1F, O=[N+]([O-])c1cc(F)ccc1C(F)(F)F",,,,,,,
xxx_0097,O=C(N=C(O)c1ccccc1Cl)Nc1ccc(OC(F)(F)F)cc1,4,0.975,True,"NC(=O)N=C(O)c1ccccc1, O=[N+]([O-])c1cc(OC(F)(F)F)ccc1F",,,,,,,
xxx_0098,O=c1c(Cl)c(OCc2ccc(Cl)nc2)cnn1-c1ccc(Cl)c(Cl)c1,2,0.994039854,True,"OB(O)c1ccc(Cl)c(Cl)c1, ClCc1ccc(Cl)nc1, O=c1[nH]ncc(O)c1Cl",151169-75-4,70258-18-3,,,,,
xxx_0100,CCOC(O)=NCCOc1ccc(Oc2ccccc2)cc1,1,0.997628706,True,"CCOC(O)=NCCBr, Oc1ccc(Oc2ccccc2)cc1",,831-82-3,,,,,
xxx_0104,CC(COc1ccc(Oc2ccccc2)cc1)Oc1ccccn1,3,0.986552929,True,"Fc1ccccn1, CC(=O)CCl, Oc1ccc(Oc2ccccc2)cc1",372-48-5,78-95-5,831-82-3,,,,
xxx_0109,Cc1cc(C)cc(C(=O)N(NC(=O)c2ccc3c(c2C)CCCO3)C(C)(C)C)c1,2,0.994039854,True,"Cc1cc(C)cc(C(=O)N(N)C(C)(C)C)c1, O=C(O)c1ccc2c(c1)CCCO2",,,,,,,
xxx_0110,Cc1cc(C)cc(C(=O)N(N=C(O)c2ccc3c(c2C)OC(C)C3)C(C)(C)C)c1,4,0.975,True,"C=CCCl, Cc1cc(C)cc(C(=O)Cl)c1, COc1cccc(C(O)=NNC(C)(C)C)c1C",107-05-1,6613-44-1,,,,,
xxx_0111,CC(C)(C)N(NC(=O)c1ccc(Cl)cc1)C(=O)c1ccccc1,1,0.997628706,True,"O=C(Cl)c1ccc(Cl)cc1, CC(C)(C)N(N)C(=O)c1ccccc1",122-01-0,,,,,,
xxx_0112,COc1cccc(C(O)=NN(C(=O)c2cc(C)cc(C)c2)C(C)(C)C)c1C,1,0.997628706,True,"Cc1cc(C)cc(C(=O)Cl)c1, COc1cccc(C(O)=NNC(C)(C)C)c1C",6613-44-1,,,,,,
xxx_0113,CCc1ccc(C(=O)NN(C(=O)c2cc(C)cc(C)c2)C(C)(C)C)cc1,1,0.997628706,True,"CCc1ccc(C(=O)Cl)cc1, Cc1cc(C)cc(C(=O)N(N)C(C)(C)C)c1",16331-45-6,,,,,,
xxx_0117,CCC1OCC(COc2ccc(Oc3ccccc3)cc2)O1,2,0.994039854,True,"Oc1ccc(Oc2ccccc2)cc1, CCC=O, OCC(O)CO",831-82-3,123-38-6,8043-29-6,,,,
xxx_0118,COc1ccc2c(c1)OC(C)(C)C=C2,1,0.997628706,True,COc1ccc2c(c1)OC(C)(C)CC2=O,,,,,,,
xxx_0119,COc1cc2c(cc1OC)OC(C)(C)C=C2,1,0.997628706,True,COc1cc2c(cc1OC)C(=O)CC(C)(C)O2,65383-61-1,,,,,,
xxx_0120,CCOc1cc2c(cc1OC)C=CC(C)(C)O2,1,0.997628706,True,"CCOc1cc(O)ccc1OC, CC(C)=CC=O",65383-57-5,107-86-8,,,,,
xxx_0124,CN/C(=N\[N+](=O)[O-])NCc1cnc(Cl)s1,1,0.997628706,True,"ClCc1cnc(Cl)s1, CN/C(N)=N\[N+](=O)[O-]",105827-91-6,,,,,,
xxx_0126,O=[N+]([O-])/N=C1\NCCN1Cc1ccc(Cl)nc1,1,0.997628706,True,"ClCc1ccc(Cl)nc1, O=[N+]([O-])N=C1NCCN1",70258-18-3,,,,,,
xxx_0127,O=[N+]([O-])NC1=NCCN1Cc1cnc(Cl)s1,1,0.997628706,True,"O=Cc1cnc(Cl)s1, O=[N+]([O-])NC1=NCCN1",95453-58-0,5465-96-3,,,,,
xxx_0128,CN1COCN(Cc2cnc(Cl)s2)C1=N[N+](=O)[O-],1,0.997628706,True,"CN1COCNC1=N[N+](=O)[O-], O=Cc1cnc(Cl)s1",,95453-58-0,,,,,
xxx_0129,CCN(Cc1ccc(Cl)nc1)/C(=C/[N+](=O)[O-])NC,2,0.994039854,True,"CN/C(=C\[N+](=O)[O-])NCc1ccc(Cl)nc1, CCOS(=O)(=O)c1ccc(C)cc1",,80-40-0,,,,,
xxx_0131,C/C(=N\C#N)N(C)Cc1ccc(Cl)nc1,1,0.997628706,True,"Clc1ccc(CBr)cn1, CN/C(C)=N/C#N",,,,,,,
xxx_0133,N#C/N=C1\SCCN1Cc1ccc(Cl)nc1,1,0.997628706,True,"ClCc1ccc(Cl)nc1, N#C/N=C1/NCCS1",70258-18-3,,,,,,
xxx_0135,CN(C)C(CSC(=N)O)CSC(=N)O,5,0.963447071,True,"N=C(O)S, CC(=O)CBr, N=C(O)S, CNC(C)=O",,598-31-2,,79-16-3,,,
xxx_0139,ClC(Cl)(Cl)C(c1ccc(Br)cc1)c1ccc(Br)cc1,3,0.986552929,True,"Brc1ccccc1, O=Cc1ccccc1, ClC(Cl)(Cl)Cl",108-86-1,100-52-7,56-23-5,,,,
xxx_0140,Clc1ccc(C(c2ccc(Cl)cc2)C(Cl)(Cl)Cl)cc1,3,0.986552929,True,"Clc1ccc(Br)cc1, O=C(c1ccccc1)C(Cl)(Cl)Cl",106-39-8,56778-65-5,,,,,
xxx_0141,CCc1ccc(C(c2ccc(CC)cc2)C(Cl)Cl)cc1,2,0.994039854,True,"CCc1ccccc1, O=CC(Cl)Cl, CCc1ccc(Br)cc1",70955-17-8,79-02-7,1585-07-5,,,,
xxx_0143,COc1ccc(C(c2ccc(OC)cc2)C(Cl)(Cl)Cl)cc1,2,0.994039854,True,"COc1ccccc1, ClC(Cl)(Cl)Cl, COc1ccc(C=O)cc1",100-66-3,56-23-5,26249-15-0,,,,
xxx_0144,Oc1c(Cl)c(Cl)c(Cl)c(Cl)c1Cl,2,0.994039854,True,Oc1c(Cl)ccc(Cl)c1Cl,933-75-5,,,,,,
xxx_0145,Clc1ccc(C(c2ccc(Cl)cc2)C(Cl)Cl)cc1,2,0.994039854,True,"Clc1ccccc1, O=C(c1ccc(Cl)cc1)C(Cl)Cl",68411-45-0,,,,,,
xxx_0161,CCOP(=O)(OCC)OC(=CBr)c1ccc(Cl)cc1Cl,4,0.975,True,"CCOP(=O)(Cl)OCC, C=C(O)c1ccccc1",814-49-3,4383-15-7,,,,,
xxx_0163,COP(=O)(OC)O/C(C)=C/C(=O)OC(C)c1ccccc1,2,0.994039854,True,"COC(=O)/C=C(\C)OP(=O)(OC)OC, CC(=O)c1ccccc1",26718-65-0,98-86-2,,,,,
xxx_0164,COP(=O)(OC)OC=C(Cl)Cl,1,0.997628706,True,CCOP(=O)(OC=C(Cl)Cl)OCC,72-00-4,,,,,,
xxx_0165,COP(=O)(OC)O/C(C)=C/C(=O)N(C)C,1,0.997628706,True,CNC(=O)/C=C(\C)OP(=O)(OC)OC,2157-98-4,,,,,,
xxx_0167,COP(=O)(OC)Oc1nc(Cl)c(Cl)cc1Cl,3,0.986552929,True,"Oc1nc(Cl)c(Cl)cc1Cl, CCOP(=O)(Cl)OCC",,814-49-3,,,,,
xxx_0169,CON(C)C(=O)/C=C(\C)OP(=O)(OC)OC,1,0.997628706,True,"COC(=O)/C=C(\C)OP(=O)(OC)OC, CNOC",26718-65-0,1117-97-1,,,,,
xxx_0170,COC(=O)C=C(C)OP(=O)(OC)OC,1,0.997628706,True,"COC(=O)C=C(C)O, COP(=O)(Cl)OC",,813-77-4,,,,,
xxx_0175,CCCOP(=O)(OCCC)Oc1ccc(SC)cc1,1,0.997628706,True,"CCCOP(=O)(Cl)OCCC, CSc1ccc(O)cc1",2510-89-6,1073-72-9,,,,,
xxx_0323,CC(C)=CC1C(C(=O)OCN2C(=O)C3=C(CCCC3)C2=O)C1(C)C,3,0.986552929,True,"O=C1C2=C(CCCC2)C(=O)N1CO, CC(C)=CC=C(C)C, CCOC(=O)C=[N+]=[N-]",4887-42-7,764-13-6,623-73-4,,,,
xxx_0324,CCc1nn(C)c(C(=O)NCc2ccc(C(C)(C)C)cc2)c1Cl,1,0.997628706,True,"CCc1nn(C)c(C(=O)O)c1Cl, CC(C)(C)c1ccc(CN)cc1",,39895-55-1,,,,,
xxx_0325,CCc1nn(C)c(C(=O)NCc2ccc(Oc3ccc(C)cc3)cc2)c1Cl,1,0.997628706,True,"CCc1nn(C)c(C(=O)O)c1Cl, Cc1ccc(Oc2ccc(CN)cc2)cc1",,,,,,,
xxx_0336,C=CCC1=C(C)[C@@H](OC(=O)[C@@H]2[C@@H](C=C(C)C)C2(C)C)CC1=O,1,0.997628706,True,"CC(C)=C[C@@H]1[C@@H](C(=O)Cl)C1(C)C, C=CCC1=C(C)[C@@H](O)CC1=O",,,,,,,
xxx_0337,CC(C)=CC1C(C(=O)OCc2cc3c(cc2Cl)OCO3)C1(C)C,3,0.986552929,True,"OCc1cc2c(cc1Cl)OCO2, CC(C)=CC=C(C)C, CCOC(=O)C=[N+]=[N-]",,764-13-6,623-73-4,,,,
xxx_0338,Cc1c(COC(=O)[C@@H]2[C@H](/C=C(\Cl)C(F)(F)F)C2(C)C)cccc1-c1ccccc1,1,0.997628706,True,"CC1(C)[C@H](C(=O)O)[C@@H]1/C=C(\Cl)C(F)(F)F, Cc1c(CO)cccc1-c1ccccc1",72748-35-7,76350-90-8,,,,,
xxx_0339,CC1(C)[C@H](C=C2CCCC2)[C@H]1C(=O)OCc1coc(Cc2ccccc2)c1,6,0.955960146,True,"OCc1coc(Cc2ccccc2)c1, O=C1CCCC1, COC(=O)[C@@H]1[C@@H](C=O)C1(C)C, CC(=O)O",,120-92-3,,157090-22-7,,,
xxx_0340,CC(C)C(C(=O)OC(C#N)c1cccc(Oc2ccc(Br)cc2)c1)c1ccc(Cl)cc1,3,0.986552929,True,"C[Si](C)(C)C#N, N#CCc1ccc(Cl)cc1, CC(C)Br, O=Cc1cccc(O)c1, OB(O)c1ccc(Br)cc1",7677-24-9,140-53-4,75-26-3,100-83-4,5467-74-3,,
xxx_0341,CC(C)C(C(=O)OC(C#N)c1cccc(Oc2ccc(Br)cc2)c1)c1ccc(OC(F)F)cc1,3,0.986552929,True,"C[Si](C)(C)C#N, FC(F)Cl, O=Cc1cccc(O)c1, OB(O)c1ccc(Br)cc1, N#CCc1ccc(O)cc1, CC(C)Br",7677-24-9,73666-77-0,100-83-4,5467-74-3,14191-95-8,75-26-3,
xxx_0348,CC1(C)[C@H](C(=O)O[C@H](C#N)c2cccc(Oc3ccccc3)c2)[C@@H]1/C=C(\Cl)C(F)(F)F,1,0.997628706,True,"CC1(C)[C@H](C(=O)O)[C@@H]1/C=C(\Cl)C(F)(F)F, N#C[C@@H](O)c1cccc(Oc2ccccc2)c1",72748-35-7,,,,,,
xxx_0351,CC(C)=CC1C(C(=O)OC(C#N)c2cccc(Oc3ccccc3)c2)C1(C)C,3,0.986552929,True,"C[Si](C)(C)C#N, O=Cc1cccc(Oc2ccccc2)c1, CC(C)=CC=C(C)C, CCOC(=O)C=[N+]=[N-]",7677-24-9,39515-51-0,764-13-6,623-73-4,,,
xxx_0353,COCc1c(F)c(F)c(COC(=O)C2C(C=C(C)C)C2(C)C)c(F)c1F,3,0.986552929,True,"COCc1c(F)c(F)c(CO)c(F)c1F, CCOC(=O)C=[N+]=[N-], CC(C)=CC=C(C)C",,623-73-4,764-13-6,,,,
xxx_0354,CC(C)=CC1C(C(=O)OCc2ccc(C)cc2C)C1(C)C,3,0.986552929,True,"Cc1ccc(CO)c(C)c1, CC(C)=CC=C(C)C, CCOC(=O)C=[N+]=[N-]",16308-92-2,764-13-6,623-73-4,,,,
xxx_0355,C#CC(OC(=O)C1C(C=C(C)C)C1(C)C)/C(C)=C/CC,3,0.986552929,True,"CCOC(=O)C=[N+]=[N-], CC(C)=CC=C(C)C, C#C[Si](C)(C)C, CC/C=C(\C)C=O",623-73-4,764-13-6,1066-54-2,14250-96-5,,,
xxx_0356,C#CCC1=C(C)[C@@H](OC(=O)C2C(C=C(Cl)Cl)C2(C)C)CC1=O,6,0.955960146,True,"C#CCC1=C(C)[C@@H](O)CC1=O, ClC(Cl)(Cl)Cl, CCOC(=O)C=[N+]=[N-], CC(C)=CC=C(C)C",77087-34-4,56-23-5,623-73-4,764-13-6,,,
xxx_0357,C#CCC1=C(C)[C@@H](OC(=O)[C@@H]2[C@@H](C=C(Cl)Cl)C2(C)C)CC1=O,1,0.997628706,True,"CC1(C)[C@H](C=C(Cl)Cl)[C@H]1C(=O)Cl, C#CCC1=C(C)[C@@H](O)CC1=O",61914-47-4,77087-34-4,,,,,
xxx_0358,CC1(C)[C@H](C=C(Cl)Cl)[C@H]1C(=O)OCc1c(F)c(F)c(F)c(F)c1F,1,0.997628706,True,"CC1(C)[C@H](C=C(Cl)Cl)[C@H]1C(=O)O, OCc1c(F)c(F)c(F)c(F)c1F",55701-07-0,440-60-8,,,,,
xxx_0360,CC1(C)C(C(=O)OC(C#N)c2cccc(Oc3ccccc3)c2)C1(C)C,2,0.994039854,True,"CC1(C)C(C(=O)O)C1(C)C, C[Si](C)(C)C#N, O=Cc1cccc(Oc2ccccc2)c1",15641-58-4,7677-24-9,39515-51-0,,,,
xxx_0361,CC(C)C(C(=O)OC(C#N)c1cccc(Oc2ccccc2)c1)c1ccc(Cl)cc1,2,0.994039854,True,"C[Si](C)(C)C#N, O=Cc1cccc(Oc2ccccc2)c1, N#CCc1ccc(Cl)cc1, CC(C)Br",7677-24-9,39515-51-0,140-53-4,75-26-3,,,
xxx_0362,CC(C)[C@H](C(=O)O[C@H](C#N)c1cccc(Oc2ccccc2)c1)c1ccc(Cl)cc1,1,0.997628706,True,"CC(C)[C@H](C(=O)O)c1ccc(Cl)cc1, N#C[C@@H](O)c1cccc(Oc2ccccc2)c1",,,,,,,
xxx_0363,CC(C)[C@H](C(=O)OC(C#N)c1cccc(Oc2ccccc2)c1)c1ccc(OC(F)F)cc1,5,0.963447071,True,"C[Si](C)(C)C#N, O=Cc1cccc(Oc2ccccc2)c1, FC(F)Cl, CC(C)[C@H](C(=O)O)c1ccc(O)cc1, COCc1ccccc1",7677-24-9,39515-51-0,73666-77-0,,538-86-3,,
xxx_0364,CC(C)[C@@H](Nc1ccc(C(F)(F)F)cc1Cl)C(=O)OC(C#N)c1cccc(Oc2ccccc2)c1,6,0.955960146,True,"C[Si](C)(C)C#N, O=Cc1cccc(Oc2ccccc2)c1, O=C1CCC(=O)N1Cl, CC(C)[C@@H](N)C(=O)O, FC(F)(F)c1ccccc1, COCc1ccccc1",7677-24-9,39515-51-0,128-09-6,640-68-6,98-08-8,538-86-3,
xxx_0365,C#CCc1ccc(COC(=O)C2C(C=C(C)C)C2(C)C)o1,5,0.963447071,True,"C#C[Si](C)(C)C, O=C1CCC(=O)N1Br, Cc1ccc(CO)o1, CCOC(=O)C=[N+]=[N-], CC(C)=CC=C(C)C",1066-54-2,3493-39-8,3857-25-8,623-73-4,764-13-6,,
xxx_0369,C=CCc1ccc(COC(=O)C2C(C=C(C)C)C2(C)C)o1,3,0.986552929,True,"CCOC(=O)C=[N+]=[N-], CC(C)=CC=C(C)C, C=CCc1ccc(C(=O)OCC)o1",623-73-4,764-13-6,,,,,
xxx_0370,CC1(C)[C@H](C(=O)OCc2coc(Cc3ccccc3)c2)[C@@H]1/C=C1\CCSC1=O,2,0.994039854,True,"OCc1coc(Cc2ccccc2)c1, O=C1CCCS1, COC(=O)[C@@H]1[C@H](C=O)C1(C)C",,1003-10-7,,,,,
xxx_0371,COCc1ccc(COC(=O)C2C(C=C(C)C)C2(C)C)cc1,2,0.994039854,True,"COCc1ccc(CO)cc1, CCOC(=O)C=[N+]=[N-], CC(C)=CC=C(C)C",,623-73-4,764-13-6,,,,
xxx_0377,CC1(C)[C@H](C=C(Cl)Cl)[C@H]1C(=O)OCc1cccc(Oc2ccccc2)c1,1,0.997628706,True,"CC1(C)[C@H](C=C(Cl)Cl)[C@H]1C(=O)O, OCc1cccc(Oc2ccccc2)c1",55701-07-0,13826-35-2,,,,,
xxx_0378,CC(C)=CC1C(C(=O)OCc2cccc(Oc3ccccc3)c2)C1(C)C,2,0.994039854,True,"OCc1cccc(Oc2ccccc2)c1, CC(C)=CC=C(C)C, CCOC(=O)C=[N+]=[N-]",13826-35-2,764-13-6,623-73-4,,,,
xxx_0381,C#CCc1cc(COC(=O)C2C(C=C(C)C)C2(C)C)c(C)o1,5,0.963447071,True,"O=C1CCC(=O)N1Br, CC(C)=CC=C(C)C, CCOC(=O)C=[N+]=[N-], C#C[Si](C)(C)C, O=C1CCC(=O)N1Br, Cc1cc(C)c(C)o1",3493-39-8,764-13-6,623-73-4,1066-54-2,3493-39-8,10504-04-8,
xxx_0382,COC(=O)/C(C)=C/[C@@H]1[C@@H](C(=O)OCc2coc(Cc3ccccc3)c2)C1(C)C,2,0.994039854,True,"C/C(=C\[C@@H]1[C@@H](C(=O)O)C1(C)C)C(=O)O, OCc1coc(Cc2ccccc2)c1, COCc1ccccc1",,,538-86-3,,,,
xxx_0383,COCc1c(F)c(F)c(COC(=O)C2C(C=C(Cl)Cl)C2(C)C)c(F)c1F,5,0.963447071,True,"ClC(Cl)(Cl)Cl, COCc1c(F)c(F)c(CO)c(F)c1F, CCOC(=O)C=[N+]=[N-], CC(C)=CC=C(C)C",56-23-5,,623-73-4,764-13-6,,,
xxx_0384,COCc1c(F)c(F)c(COC(=O)[C@@H]2[C@@H](C=C(Cl)Cl)C2(C)C)c(F)c1F,1,0.997628706,True,"CC1(C)[C@H](C=C(Cl)Cl)[C@H]1C(=O)O, COCc1c(F)c(F)c(CO)c(F)c1F",55701-07-0,,,,,,
xxx_0385,CC(C)=CC1C(C(=O)OCc2coc(Cc3ccccc3)c2)C1(C)C,3,0.986552929,True,"OCc1coc(Cc2ccccc2)c1, CC(C)=CC=C(C)C, CCOC(=O)C=[N+]=[N-]",,764-13-6,623-73-4,,,,
xxx_0386,CC(C)=C[C@@H]1[C@@H](C(=O)OCc2coc(Cc3ccccc3)c2)C1(C)C,1,0.997628706,True,"CC(C)=C[C@@H]1[C@@H](C(=O)O)C1(C)C, OCc1coc(Cc2ccccc2)c1",10453-89-1,,,,,,
xxx_0387,CC(C)=C[C@H]1[C@@H](C(=O)OCc2coc(Cc3ccccc3)c2)C1(C)C,1,0.997628706,True,"CC(C)=C[C@H]1[C@@H](C(=O)O)C1(C)C, OCc1coc(Cc2ccccc2)c1",15259-78-6,,,,,,
xxx_0388,Cc1c(F)c(F)c(COC(=O)[C@@H]2[C@H](/C=C(\Cl)C(F)(F)F)C2(C)C)c(F)c1F,1,0.997628706,True,"CC1(C)[C@H](C(=O)O)[C@@H]1/C=C(\Cl)C(F)(F)F, Cc1c(F)c(F)c(CO)c(F)c1F",72748-35-7,79538-03-7,,,,,
xxx_0390,COCc1c(F)c(F)c(COC(=O)C2C(C)(C)C2(C)C)c(F)c1F,1,0.997628706,True,"CC1(C)C(C(=O)O)C1(C)C, COCc1c(F)c(F)c(CO)c(F)c1F",15641-58-4,,,,,,
xxx_0393,CC1(C)[C@H](C=C(Cl)Cl)[C@H]1C(=O)OCc1c(F)c(F)cc(F)c1F,1,0.997628706,True,"CC1(C)[C@H](C=C(Cl)Cl)[C@H]1C(=O)O, OCc1c(F)c(F)cc(F)c1F",55701-07-0,4084-38-2,,,,,
xxx_0394,CC(C)C(C(=O)OCc1cccc(Oc2ccccc2)c1)c1ccc(Cl)cc1,3,0.986552929,True,"OCc1cccc(Oc2ccccc2)c1, CCOC(=O)CC(C)C, Clc1ccc(Br)cc1",13826-35-2,108-64-5,106-39-8,,,,
xxx_0395,CCOc1ccc(C(C)(C)COCc2cccc(Oc3ccccc3)c2)cc1,1,0.997628706,True,"CCOc1ccc(C(C)(C)CO)cc1, OCc1cccc(Oc2ccccc2)c1",83493-63-4,13826-35-2,,,,,
xxx_0397,CC(C)(COCc1cccc(Oc2ccccc2)c1)c1ccc(OC(F)(F)Br)cc1,3,0.986552929,True,"FC(F)(Br)Br, OCc1cccc(Oc2ccccc2)c1, CCOC(=O)C(C)(C)c1ccc(O)cc1",75-61-6,13826-35-2,,,,,
xxx_0398,Fc1ccc(CCCC(c2ccc(Cl)cc2)C2CC2)cc1Oc1ccccc1,4,0.975,True,"Oc1cc(Br)ccc1F, OB(O)c1ccccc1, O=C(c1ccc(Cl)cc1)C1CC1, C=CCBr",112204-58-7,98-80-6,6640-25-1,106-95-6,,,
xxx_0399,CSC(C)C(=NOCc1cccc(Oc2ccccc2)c1)c1ccc(Cl)cc1,3,0.986552929,True,"OCc1cccc(Oc2ccccc2)c1, CSCC(=O)c1ccc(Cl)cc1, O=C1c2ccccc2C(=O)N1O",13826-35-2,,524-38-9,,,,
xxx_0400,CSCC(=NOCc1cccc(-c2ccccc2)c1C)c1ccc(Cl)c(F)c1,4,0.975,True,"Cc1c(CO)cccc1-c1ccccc1, CC(=O)c1ccc(Cl)c(F)c1, CSC(C)=O, O=C1c2ccccc2C(=O)N1O",76350-90-8,151945-84-5,1534-08-3,524-38-9,,,
xxx_0402,CCOCCc1ccc(OCCN=c2[nH]cnc(CC)c2Cl)c(C)c1C,6,0.955960146,True,"CC(=O)O, O=C(O)CCl, Cc1cccc(O)c1C, CC(=O)N=c1cc(C)nc[nH]1",157090-22-7,79-11-8,526-75-0,,,,
xxx_0403,CCOCn1c(-c2ccc(Cl)cc2)c(C#N)c(Br)c1C(F)(F)F,6,0.955960146,True,"Clc1ccc(I)cc1, CCOCCl, CCOC(=O)c1c[nH]c(C(F)(F)F)c1",637-87-6,3188-13-4,,,,,
xxx_0409,OC(=Nc1ccc(Cl)c(C(F)(F)F)c1)Nc1ccc(Cl)c(C(F)(F)F)c1,1,0.997628706,True,"NC(O)=Nc1ccc(Cl)c(C(F)(F)F)c1, Fc1ccc(Cl)c(C(F)(F)F)c1",,,,,,,
xxx_0410,O=S(=O)(O)c1cc(Cl)ccc1Oc1ccc(Cl)cc1NC(O)=Nc1ccc(Cl)c(Cl)c1,4,0.975,True,"O=S(=O)(O)c1cc(Cl)ccc1O, OC(=Nc1ccccc1)Nc1ccccc1F",,,,,,,
xxx_0414,O=C(NCC(O)=NCC(F)(F)F)c1ccc(C2=NOC(c3cc(Cl)cc(C(F)(F)F)c3)(C(F)(F)F)C2)c2ccccc12,5,0.963447071,True,"NCC(O)=NCC(F)(F)F, C=C(Br)C(F)(F)F, O=Cc1ccc(C(=O)O)c2ccccc12, Nc1c(Cl)cccc1C(F)(F)F, O=C1c2ccccc2C(=O)N1O",,1514-82-5,,433-94-3,524-38-9,,
xxx_0415,Cc1cc(C(C#N)c2ccc(Cl)cc2)c(Cl)cc1NC(=O)c1cc(I)cc(I)c1O,3,0.986552929,True,"N#CCc1ccc(Cl)cc1, Cc1cc(Cl)c(Cl)cc1[N+](=O)[O-], O=C(O)c1ccccc1O",140-53-4,7494-45-3,7681-06-3,,,,
xxx_0416,C/C=C/C(=O)N(CC)c1ccccc1C,1,0.997628706,True,"C/C=C/C(=O)Cl, CCNc1ccccc1C",10487-71-5,1821-38-1,,,,,
xxx_0418,O=C(Oc1ccccc1)n1c(C(F)(F)F)nc2cc(Cl)c(Cl)cc21,2,0.994039854,True,"O=C(Cl)Oc1ccccc1, O=C(O)C(F)(F)F, Nc1cc(Cl)c(Cl)cc1N",1885-14-9,76-05-1,5348-42-5,,,,
xxx_0419,Cn1c(O)c(C(=O)Nc2ccc(Cl)c(Cl)c2)c(=O)n(C)c1=O,2,0.994039854,True,"Nc1ccc(Cl)c(Cl)c1, Cn1c(O)c(C=O)c(=O)n(C)c1=O",95-76-1,,,,,,
xxx_0420,CCc1nc2cc(C)c(Oc3ccc(OC(F)(F)F)cc3)cc2c(OC(=O)OC)c1C,3,0.986552929,True,"COC(=O)Cl, Oc1ccc(OC(F)(F)F)cc1, CCc1[nH]c2cc(C)ccc2c(=O)c1C",79-22-1,828-27-3,,,,,
xxx_0421,N#CCN=C(O)c1cnccc1C(F)(F)F,1,0.997628706,True,NC(=O)CN=C(O)c1cnccc1C(F)(F)F,,,,,,,
xxx_0423,O=C1C=C(N(Cc2ccc(Cl)nc2)CC(F)F)CO1,1,0.997628706,True,"FC(F)CNCc1ccc(Cl)nc1, O=C1COC(=O)C1",,,,,,,
xxx_0424,Cc1cc(C2=NOC(c3cc(Cl)cc(Cl)c3)(C(F)(F)F)C2)ccc1C(=O)NCC(O)=NCC(F)(F)F,3,0.986552929,True,"NCC(O)=NCC(F)(F)F, C=C(Br)C(F)(F)F, OB(O)c1cc(Cl)cc(Cl)c1, Cc1cc(C=NO)ccc1C(=O)O, O=C1CCC(=O)N1Cl",,1514-82-5,67492-50-6,,128-09-6,,
xxx_0428,CCC(C)=NN=C(c1ccc(Cl)cc1)c1ccc(OS(C)(=O)=O)cc1,4,0.975,True,"CCC(C)=O, O=C(Cl)c1ccc(Cl)cc1, CS(=O)(=O)Oc1ccccc1, O=N[N+](=O)[O-]",78-93-3,122-01-0,16156-59-5,91913-71-2,,,
xxx_0429,CC(C)(C)c1cc(C=C(C#N)C#N)cc(C(C)(C)C)c1O,2,0.994039854,True,"N#CCC#N, CC(C)(C)c1cc(CO)cc(C(C)(C)C)c1O",109-77-3,88-26-6,,,,,
xxx_0432,CC(=O)OC(c1ccc(Cl)c(Cl)c1)C(Cl)(Cl)Cl,2,0.994039854,True,"CC(=O)OC(C)=O, ClC(Cl)(Cl)Cl, O=Cc1ccc(Cl)c(Cl)c1",108-24-7,56-23-5,6287-38-3,,,,
xxx_0433,CC(C)(C)c1ccc(CSc2cnn(C(C)(C)C)c(=O)c2Cl)cc1,1,0.997628706,True,"CC(C)(C)c1ccc(CS)cc1, CC(C)(C)n1ncc(Cl)c(Cl)c1=O",,,,,,,
xxx_0434,FC(F)(F)c1ccc(OCCCOc2c(Cl)cc(OCC=C(Cl)Cl)cc2Cl)nc1,2,0.994039854,True,"BrCCCBr, Oc1ccc(C(F)(F)F)cn1, ClCCC(Cl)(Cl)Cl, Oc1cc(Cl)c(O)c(Cl)c1",625084-38-0,,1070-78-6,20103-10-0,,,
xxx_0436,OC(=Nc1ccc(Oc2ccc(Cl)cc2)c(Cl)c1)c1cc(I)cc(I)c1O,4,0.975,True,"Fc1ccc(Cl)cc1, OC(=Nc1ccc(O)c(Cl)c1)c1ccccc1",55256-17-2,,,,,,
xxx_0437,Clc1ccc(-c2cc(-c3ccccc3)c(-c3ccccc3)s2)cc1,3,0.986552929,True,"OB(O)c1ccc(Cl)cc1, c1ccccc1, O=C1CCC(=O)N1Br, Nc1ccsc1-c1ccccc1",1679-18-1,27271-55-2,3493-39-8,,,,
xxx_0438,CCOC(=O)CSc1nc(C(C)(C)C)nn1C(=O)N(C)C,1,0.997628706,True,"CN(C)C(=O)Cl, CCOC(=O)CSc1nc(C(C)(C)C)n[nH]1",342009-25-0,,,,,,
xxx_0439,C=CCN(CC=C)C(=O)CCl,1,0.997628706,True,"O=C(Cl)CCl, C=CCNCC=C",79-04-9,124-02-7,,,,,
xxx_0440,CC(C)c1nn(C(O)=NC(C)(C)C)c(=O)n1N,1,0.997628706,True,CC(C)c1nn(C(O)=NC(C)(C)C)c(=O)[nH]1,,,,,,,
xxx_0441,CCC(Oc1ccc(F)c(C(F)(F)F)c1)C(O)=NCc1ccccc1,3,0.986552929,True,"Fc1ccc(F)c(C(F)(F)F)c1, O=C(C(O)=NCc1ccccc1)c1ccccc1",,,,,,,
xxx_0442,O=C(O)CON=C(O)c1ccccc1,1,0.997628706,True,COC(=O)CON=C(O)c1ccccc1,,,,,,,
xxx_0443,Cc1cc(C)cc(C(=O)N(Cc2ccccc2)C(C)C)c1,1,0.997628706,True,"Cc1cc(C)cc(C(=O)O)c1, CC(C)NCc1ccccc1",499-06-9,102-97-6,,,,,
xxx_0444,CC(C)(N=C(O)C(Br)C(C)(C)C)c1ccccc1,2,0.994039854,True,CC(C)(C)C(=O)C(O)=NC(C)(C)c1ccccc1,,,,,,,
xxx_0445,CCN(CC)C(=O)n1cnc(S(=O)(=O)c2c(C)cc(C)cc2C)n1,3,0.986552929,True,"CCN(CC)C(=O)Cl, Cc1cc(C)cc(C)c1, O=S(Cl)Cl, O=S(=O)(O)c1nc[nH]n1",88-10-8,108-67-8,7719-09-7,,,,
xxx_0446,CCN(CC)C(=O)CCl,1,0.997628706,True,"O=C(Cl)CCl, CCNCC",79-04-9,109-89-7,,,,,
xxx_0448,COCC(C)N(C(=O)CCl)c1c(C)csc1C,2,0.994039854,True,"O=C(Cl)CCl, COCC(C)=O, Cc1csc(C)c1N",79-04-9,5878-19-3,,,,,
xxx_0449,COC[C@H](C)N(C(=O)CCl)c1c(C)csc1C,1,0.997628706,True,"COC[C@H](C)NC(=O)CCl, Cc1csc(C)c1Br",,,,,,,
xxx_0450,CN(C)C(=O)C(c1ccccc1)c1ccccc1,1,0.997628706,True,CNC(=O)C(c1ccccc1)c1ccccc1,954-21-2,,,,,,
xxx_0451,CCCN(CC)C(=O)n1cnc(S(=O)(=O)CCC)n1,2,0.994039854,True,"CCS(=O)(=O)c1nc[nH]n1, O=C(Cl)Cl, CCCNCC",,75-44-5,,,,,
xxx_0453,CCN(C(=O)n1nnn(-c2ccccc2Cl)c1=O)C1CCCCC1,2,0.994039854,True,"O=c1nn[nH]n1-c1ccccc1Cl, O=C(Cl)OC(Cl)(Cl)Cl, CCNC1CCCCC1",,503-38-8,5459-93-8,,,,
xxx_0455,NC(=O)c1nc(-c2ccccc2)n(-c2ccc(Cl)c(COCC(F)(F)C(F)(F)F)c2)n1,5,0.963447071,True,"OCC(F)(F)C(F)(F)F, O=C1CCC(=O)N1Br, CCOC(=O)c1n[nH]c(-c2ccccc2)n1, Cc1cc(B(O)O)ccc1Cl",422-05-9,3493-39-8,,,,,
xxx_0456,CS(=O)(=O)N=C(O)c1cc(Oc2ccc(C(F)(F)F)cc2Cl)ccc1[N+](=O)[O-],2,0.994039854,True,"Oc1ccc(C(F)(F)F)cc1Cl, CS(=O)(=O)N=C(O)c1ccccc1[N+](=O)[O-]",,,,,,,
xxx_0457,CCS(=O)(=O)N=C(O)c1cc(Oc2c(F)cc(C(F)(F)F)cc2Cl)ccc1[N+](=O)[O-],7,0.952371294,True,"Oc1c(F)cc(C(F)(F)F)cc1Cl, CC(N)=O, CS(=O)(=O)N=C(O)c1ccccc1[N+](=O)[O-]",,60-35-5,,,,,
xxx_0460,CCC(C)(CC)c1cc(NC(=O)c2c(OC)cccc2OC)on1,2,0.994039854,True,"COc1cccc(OC)c1C(=O)Cl, CCC(C)(C)c1cc(N)on1",1989-53-3,,,,,,
xxx_0461,CCN(CC)C(=O)C(C)Oc1cccc2ccccc12,2,0.994039854,True,"Oc1cccc2ccccc12, CCC(=O)N(CC)CC",90-15-3,1114-51-8,,,,,
xxx_0462,CCN(CC)C(=O)[C@@H](C)Oc1cccc2ccccc12,1,0.997628706,True,"C[C@@H](Oc1cccc2ccccc12)C(=O)O, CCNCC",57128-29-7,109-89-7,,,,,
xxx_0465,C#CC(C)(C)N=C(O)c1cc(Cl)cc(Cl)c1,1,0.997628706,True,C#CC(C)(C)N=C(O)c1cccc(Cl)c1,,,,,,,
xxx_0468,CC(C)N(Cc1ccccc1)C(=O)C(C)(C)C,1,0.997628706,True,"CC(C)(C)C(=O)Cl, CC(C)NCc1ccccc1",3282-30-2,102-97-6,,,,,
xxx_0470,C=C(C)C(O)=Nc1ccc(Cl)c(Cl)c1,1,0.997628706,True,"C=C(C)C(O)=Nc1ccc(Cl)cc1, O=C1CCC(=O)N1Cl",,128-09-6,,,,,
xxx_0471,Cc1c(Cl)ccc(OC(C)C(O)=Nc2ccccc2)c1Cl,2,0.994039854,True,"Fc1ccc(Cl)cc1Cl, CC(=O)C(O)=Nc1ccccc1",1435-48-9,,,,,,
xxx_0472,OC(=Nc1ccc(Cl)c(Cl)c1)C1CC1,1,0.997628706,True,OC(=Nc1ccc(Cl)cc1)C1CC1,,,,,,,
xxx_0473,O=C(Nc1ccc(F)cc1F)c1cccnc1Oc1cccc(C(F)(F)F)c1,2,0.994039854,True,"Nc1ccc(F)cc1F, O=C(O)c1cccnc1Cl, Oc1cccc(C(F)(F)F)c1",367-25-9,2942-59-8,98-17-9,,,,
xxx_0474,CCCC(C)C(O)=Nc1ccc(Cl)c(Cl)c1,3,0.986552929,True,CC/C=C(\C)C(O)=Nc1ccccc1,,,,,,,
xxx_0475,CCOCOc1ccc(C(=O)Nc2cccc(Cl)c2Cl)cc1,1,0.997628706,True,"CCOCOc1ccc(C(=O)O)cc1, Nc1cccc(Cl)c1Cl",,608-27-5,,,,,
xxx_0476,COC(O)=NS(=O)(=O)c1ccc(NC(=O)COc2ccc(Cl)cc2C)cc1,1,0.997628706,True,"Cc1cc(Cl)ccc1OCC(=O)O, COC(O)=NS(=O)(=O)c1ccc(N)cc1",94-74-6,,,,,,
xxx_0477,CC(C)N(C(=O)COc1nnc(C(F)(F)F)s1)c1ccc(F)cc1,1,0.997628706,True,"CC(C)N(C(=O)CCl)c1ccc(F)cc1, Oc1nnc(C(F)(F)F)s1",,,,,,,
xxx_0478,O=C(Nc1ccccc1)c1cccnc1Oc1cccc(C(F)(F)F)c1,1,0.997628706,True,"O=C(Nc1ccccc1)c1cccnc1Cl, Oc1cccc(C(F)(F)F)c1",56149-29-2,98-17-9,,,,,
xxx_0479,CC(C)N(C(=O)n1cnn(-c2ccc(Cl)cc2Cl)c1=O)c1ccc(F)cc1F,2,0.994039854,True,"Fc1ccc(F)c(F)c1, CC(C)N=C=O, O=c1[nH]cnn1-c1ccc(Cl)cc1Cl",367-23-7,1795-48-8,,,,,
xxx_0480,CN(C(=O)COc1nc2ccccc2s1)c1ccccc1,1,0.997628706,True,"O=C(O)COc1nc2ccccc2s1, CNc1ccccc1",2875-32-3,100-61-8,,,,,
xxx_0481,CC(O)=Nc1cc(NS(=O)(=O)C(F)(F)F)c(C)cc1C,2,0.994039854,True,"CB1OB(C)OB(C)O1, CC(O)=Nc1cc(F)c(C)cc1Br, NS(=O)(=O)C(F)(F)F",,,421-85-2,,,,
xxx_0482,C[C@@H](Oc1ccc(Oc2nc3ccc(Cl)cc3o2)cc1)C(=O)N(C)c1ccccc1F,2,0.994039854,True,"Clc1ccc2nc(Cl)oc2c1, C[C@@H](Oc1ccc(O)cc1)C(=O)O, CNc1ccccc1F",3621-82-7,94050-90-5,,,,,
xxx_0483,CCCC(C)(C)C(=O)Nc1ccc(Cl)cc1,1,0.997628706,True,"CCCC(C)(C)C(=O)Cl, Nc1ccc(Cl)cc1",15721-22-9,106-47-8,,,,,
xxx_0484,CC(Oc1ccc2ccccc2c1)C(O)=Nc1ccccc1,2,0.994039854,True,"Fc1ccc2ccccc2c1, CC(=O)C(O)=Nc1ccccc1",323-09-1,,,,,,
xxx_0486,OC(=Nc1ccc(F)cc1)c1cccc(Oc2cccc(C(F)(F)F)c2)n1,1,0.997628706,True,"Oc1cccc(C(F)(F)F)c1, OC(=Nc1ccc(F)cc1)c1cccc(F)n1",98-17-9,,,,,,
xxx_0487,CCC(O)=Nc1ccc(Cl)c(Cl)c1,1,0.997628706,True,CCC(O)=Nc1ccc(Cl)cc1,,,,,,,
xxx_0488,Cc1nn(-c2cc(NS(C)(=O)=O)c(Cl)cc2Cl)c(=O)n1C(F)F,5,0.963447071,True,"CS(N)(=O)=O, Fc1cc(F)c(Cl)cc1Cl, FC(F)Cl, BrCc1ccccc1, Cc1n[nH]c(=O)[nH]1",3144-09-0,,73666-77-0,100-39-0,,,
xxx_0490,CC(C(=O)O)N(C(=O)c1ccccc1)c1ccc(Cl)c(Cl)c1,3,0.986552929,True,"O=C(Cl)c1ccccc1, CC(=O)C(=O)OC(C)(C)C, Nc1ccc(Cl)c(Cl)c1",98-88-4,,95-76-1,,,,
xxx_0491,CC(C(=O)O)N(C(=O)c1ccccc1)c1ccc(F)c(Cl)c1,2,0.994039854,True,"O=C(Cl)c1ccccc1, CC(=O)C(=O)O, Nc1ccc(F)c(Cl)c1",98-88-4,1892-67-7,367-21-5,,,,
xxx_0492,C[C@H](C(=O)O)N(C(=O)c1ccccc1)c1ccc(F)c(Cl)c1,1,0.997628706,True,"O=C(Cl)c1ccccc1, C[C@@H](Nc1ccc(F)c(Cl)c1)C(=O)O",98-88-4,,,,,,
xxx_0493,CCOCN(C(=O)CCl)c1c(C)cccc1CC,1,0.997628706,True,"CCOCCl, CCc1cccc(C)c1NC(=O)CCl",3188-13-4,,,,,,
xxx_0494,CCc1cccc(CC)c1N(COC)C(=O)CCl,1,0.997628706,True,"COCCl, CCc1cccc(CC)c1NC(=O)CCl",107-30-2,6967-29-9,,,,,
xxx_0496,CCCCOCN(C(=O)CCl)c1c(CC)cccc1CC,1,0.997628706,True,"CCCCOCCl, CCc1cccc(CC)c1NC(=O)CCl",,6967-29-9,,,,,
xxx_0497,C/C=C\COCN(C(=O)CCl)c1c(CC)cccc1CC,3,0.986552929,True,"CCc1cccc(CC)c1NC(=O)CCl, C#CCOCCl",6967-29-9,,,,,,
xxx_0498,Cc1cccc(C)c1N(COCC(C)C)C(=O)CCl,1,0.997628706,True,"CC(C)COCCl, Cc1cccc(C)c1NC(=O)CCl",34180-11-5,1131-01-7,,,,,
xxx_0499,COCCN(C(=O)CCl)c1c(C)cccc1C,1,0.997628706,True,"O=C(Cl)CCl, COCCNc1c(C)cccc1C",79-04-9,50563-55-8,,,,,
xxx_0500,CCOCN(C(=O)CCl)c1ccccc1CC,1,0.997628706,True,"CCOCCl, CCc1ccccc1NC(=O)CCl",3188-13-4,57503-02-3,,,,,
xxx_0501,CCc1ccccc1N(C(=O)CCl)C(C)C,1,0.997628706,True,"O=C(Cl)CCl, CCc1ccccc1NC(C)C",79-04-9,,,,,,
xxx_0503,CCc1cccc(C)c1N(C(=O)CCl)C(C)COC,2,0.994039854,True,"O=C(Cl)CCl, COCC(C)=O, CCc1cccc(C)c1N",79-04-9,5878-19-3,24549-06-2,,,,
xxx_0504,CCc1cccc(C)c1N(C(=O)CCl)[C@@H](C)COC,1,0.997628706,True,"O=C(Cl)CCl, CCc1cccc(C)c1N[C@@H](C)COC",79-04-9,,,,,,
xxx_0505,CCCOCCN(C(=O)CCl)c1c(CC)cccc1CC,1,0.997628706,True,"CCCOCCI, CCc1cccc(CC)c1NC(=O)CCl",,6967-29-9,,,,,
xxx_0506,CC(C)N(C(=O)CCl)c1ccccc1,1,0.997628706,True,"O=C(Cl)CCl, CC(C)Nc1ccccc1",79-04-9,768-52-5,,,,,
xxx_0507,CCc1cccc(C)c1N(COC(C)C)C(=O)CCl,1,0.997628706,True,"CC(C)OCCl, CCc1cccc(C)c1NC(=O)CCl",,,,,,,
xxx_0508,C#CC(C)N(C(=O)CCl)c1ccccc1,2,0.994039854,True,"O=C(Cl)CCl, C#CC(C)=O, Nc1ccccc1",79-04-9,1423-60-5,62-53-3,,,,
xxx_0509,CCCCOCN(C(=O)CCl)c1c(C)cccc1C(C)(C)C,1,0.997628706,True,"CCCCOCCl, Cc1cccc(C(C)(C)C)c1NC(=O)CCl",,6641-63-0,,,,,
xxx_0510,COc1ccsc1CN(C(=O)CCl)c1c(C)cccc1C,2,0.994039854,True,"O=C(Cl)CCl, COc1ccsc1C=O, Cc1cccc(C)c1N",79-04-9,,87-62-7,,,,
xxx_0511,Cc1cccc(N(C(=O)CCl)C(C)C)c1C,1,0.997628706,True,"O=C(Cl)CCl, Cc1cccc(NC(C)C)c1C",79-04-9,63114-76-1,,,,,
xxx_0512,CCSc1ccc(NS(C)(=O)=O)c(C(F)(F)F)c1,2,0.994039854,True,"CS(N)(=O)=O, Fc1ccc(F)c(C(F)(F)F)c1, CCSC(C)=O",3144-09-0,,59094-77-8,,,,
xxx_0519,O=C1[C@H]2C[C@H](F)CN2C(=O)N1c1cc(NS(=O)(=O)CCl)c(Cl)cc1F,7,0.952371294,True,"NS(=O)(=O)CCl, O=[N+]([O-])c1cc(F)c(F)cc1F, CC(C)(C)OC(=O)OC(=O)OC(C)(C)C, CC(=O)O, O=C=NCc1ccccc1, COC(=O)[C@H]1C[C@H](F)CN1",21335-43-3,2105-61-5,24424-99-5,157090-22-7,3173-56-6,,
xxx_0520,COCc1cccc(C(O)c2nc(OC)cc(OC)n2)c1NS(=O)(=O)C(F)F,3,0.986552929,True,"COc1cc(OC)nc(C=O)n1, O=C1CCC(=O)N1Br, Cc1ccccc1NS(=O)(=O)C(F)F, COCc1ccccc1",,3493-39-8,,538-86-3,,,
xxx_0521,COC(O)=NS(=O)(=O)c1ccc(N)cc1,1,0.997628706,True,COC(O)=NS(=O)(=O)c1ccccc1,,,,,,,
xxx_0522,COC(=O)Nc1ccc(S(=O)(=O)N=C(O)OC)cc1,1,0.997628706,True,"COC(=O)Cl, COC(O)=NS(=O)(=O)c1ccc(N)cc1",79-22-1,,,,,,
xxx_0523,CCCN(CCC)c1c([N+](=O)[O-])cc(S(N)(=O)=O)cc1[N+](=O)[O-],2,0.994039854,True,"CCCNCCC, O=C1CCC(=O)N1Cl, NS(=O)(=O)c1cc([N+](=O)[O-])cc([N+](=O)[O-])c1",142-84-7,128-09-6,,,,,
xxx_0524,COc1cnc(OC)n2nc(NS(=O)(=O)c3c(OCC(F)F)cccc3C(F)(F)F)nc12,4,0.975,True,"COc1cnc(OC)n2nc(N)nc12, OCC(F)F, O=[N+]([O-])c1c(F)cccc1C(F)(F)F",,359-13-7,,,,,
xxx_0526,CCS(=O)(=O)Nc1cc(-n2nc(C(F)(F)F)n(C)c2=O)c(F)cc1C(=N)S,3,0.986552929,True,"CCS(N)(=O)=O, Cn1c(C(F)(F)F)n[nH]c1=O, N=C(S)c1cc(F)ccc1F",1520-70-3,,,,,,
xxx_0527,N=C(S)c1c(Cl)cccc1Cl,1,0.997628706,True,N=C(S)c1ccccc1Cl,,,,,,,
xxx_0528,COc1c(Cl)ccc(Cl)c1C(=O)OCCN(CCOC(=O)c1c(Cl)ccc(Cl)c1OC)c1ccccc1,2,0.994039854,True,"COc1c(Cl)ccc(Cl)c1C(=O)Cl, COc1c(Cl)ccc(Cl)c1C(=O)Cl, OCCN(CCO)c1ccccc1",10411-85-5,10411-85-5,120-07-0,,,,
xxx_0529,Nc1cc(Cl)cc(C(=O)O)c1Cl,1,0.997628706,True,O=C(O)c1cc(Cl)cc([N+](=O)[O-])c1Cl,88-86-8,,,,,,
xxx_0530,COc1c(Cl)ccc(Cl)c1C(=O)O,1,0.997628706,True,COc1cc(Cl)ccc1Cl,1984-58-3,,,,,,
xxx_0531,O=C(O)c1c(Cl)ccc(Cl)c1Cl,1,0.997628706,True,COC(=O)c1c(Cl)ccc(Cl)c1Cl,,,,,,,
xxx_0532,COc1c(Cl)cc(Cl)c(Cl)c1C(=O)O,1,0.997628706,True,COc1c(Cl)cc(Cl)cc1C(=O)O,22775-37-7,,,,,,
xxx_0533,COc1cc(OC)nc(Oc2cccc(Oc3nc(OC)cc(OC)n3)c2C(=O)O)n1,3,0.986552929,True,"COc1cc(OC)nc(S(C)(=O)=O)n1, COC(=O)c1c(O)cccc1O, COc1cc(OC)nc(S(C)(=O)=O)n1",113583-35-0,,113583-35-0,,,,
xxx_0534,CON=C(C)c1cccc(Oc2nc(OC)cc(OC)n2)c1C(=O)O,2,0.994039854,True,"CON=C(C)c1cccc(O)c1, COc1cc(OC)nc(S(C)(=O)=O)n1",,113583-35-0,,,,,
xxx_0535,COc1cc(OC)nc(Sc2cccc(Cl)c2C(=O)O)n1,1,0.997628706,True,"COc1cc(OC)nc(S)n1, O=C(O)c1c(Cl)cccc1Cl",,50-30-6,,,,,
xxx_0536,O=C(O)c1c(Cl)c(Cl)c(C(=O)O)c(Cl)c1Cl,4,0.975,True,Clc1ccc(Cl)cc1,106-46-7,,,,,,
xxx_0537,Nc1cc(Cl)nc(C(=O)O)c1Cl,1,0.997628706,True,COC(=O)c1nc(Cl)cc(N)c1Cl,,,,,,,
xxx_0538,O=C(O)c1nc(Cl)ccc1Cl,1,0.997628706,True,COC(=O)c1nc(Cl)ccc1Cl,,,,,,,
xxx_0539,COc1c(Cl)ccc(-c2nc(C(=O)O)c(Cl)c(N)c2F)c1F,3,0.986552929,True,"OCCCO, COc1c(Cl)ccc(B(O)O)c1F, COC(=O)c1nc(Cl)cc(N)c1Cl",504-63-2,,,,,,
xxx_0540,COc1c(Cl)ccc(-c2cc(N)c(Cl)c(C(=O)O)n2)c1F,1,0.997628706,True,"COc1c(Cl)ccc(B(O)O)c1F, Nc1cc(Cl)nc(C(=O)O)c1Cl",,150114-71-9,,,,,
xxx_0541,Nc1c(Cl)c(Cl)nc(C(=O)O)c1Cl,1,0.997628706,True,N#Cc1nc(Cl)c(Cl)c(N)c1Cl,14143-60-3,,,,,,
xxx_0542,O=C(O)c1c(Cl)ccc2cc(Cl)cnc12,1,0.997628706,True,O=C(O)c1c(Cl)ccc2cccnc12,,,,,,,
xxx_0543,Cc1cnc2c(C(=O)O)c(Cl)ccc2c1,1,0.997628706,True,"C=C(C)C=O, Nc1cccc(Cl)c1C(=O)O",78-85-3,2148-56-3,,,,,
xxx_0544,COc1ccc(-n2c(=O)c(C(=O)C3C(=O)CCCC3=O)nc3c(Cl)cccc32)cc1,4,0.975,True,"COc1ccc(B(O)O)cc1, O=C1CCCC(=O)C1, CCOC(=O)C(=O)C(=O)OCC, Nc1cccc(Cl)c1N",5720-07-0,504-02-9,105459-20-9,,,,
xxx_0547,CS(=O)(=O)c1ccc(C(=O)C2C(=O)CCCC2=O)c([N+](=O)[O-])c1,2,0.994039854,True,"O=C1CCCC(=O)C1, CS(=O)(=O)c1ccc(C(=O)O)c([N+](=O)[O-])c1",504-02-9,110964-79-9,,,,,
xxx_0548,CS(=O)(=O)c1ccc(C(=O)C2C(=O)CCCC2=O)c(Cl)c1,1,0.997628706,True,"O=C1CCCC(=O)C1, CS(=O)(=O)c1ccc(C(=O)O)c(Cl)c1",504-02-9,,,,,,
xxx_0550,CS(=O)(=O)c1ccc(C(=O)C2C(=O)CCCC2=O)c(Cl)c1COCC(F)(F)F,4,0.975,True,"O=C1CCCC(=O)C1, OCC(F)(F)F, O=C1CCC(=O)N1Br, Cc1c(S(C)(=O)=O)ccc(C(=O)O)c1Cl",504-02-9,75-89-8,3493-39-8,,,,
xxx_0551,CCS(=O)(=O)Oc1ccc2c(c1)C(C)(C)CO2,2,0.994039854,True,CC1(C)COc2ccc(O)cc21,,,,,,,
xxx_0552,CCOC1Oc2ccc(OS(C)(=O)=O)cc2C1(C)C,5,0.963447071,True,"CC(=O)O, CC(C)(C(=O)O)c1ccccc1O",157090-22-7,,,,,,
xxx_0553,O=C(O)Cn1c(=O)sc2cccc(Cl)c21,1,0.997628706,True,"CCOC(=O)CBr, O=c1[nH]c2c(Cl)cccc2s1",679806-14-5,39205-62-4,,,,,
xxx_0554,CN=C(O)Nc1nc2ccccc2s1,3,0.986552929,True,"CN=C(N)O, Brc1nc2ccccc2s1",,2516-40-7,,,,,
xxx_0555,CC(Oc1ccc(Oc2nc3ccc(Cl)cc3s2)cc1)C(=O)O,3,0.986552929,True,"Oc1ccc(O)cc1, Nc1nc2ccc(Cl)cc2s1, CCC(=O)OC",57534-13-1,95-24-9,554-12-1,,,,
xxx_0556,CN=C(O)N(C)c1nc2ccccc2s1,1,0.997628706,True,"CN=C(O)NC, Clc1nc2ccccc2s1",,615-20-3,,,,,
xxx_0557,COC(=O)N=c1cc(C(C)(C)C)o[nH]1,1,0.997628706,True,CCOC(=O)N=c1cc(C(C)(C)C)o[nH]1,,,,,,,
xxx_0559,CN=C(O)OCc1ccc(Cl)c(Cl)c1,1,0.997628706,True,CN=C(O)OCc1cccc(Cl)c1,,,,,,,
xxx_0561,CN=C(O)Oc1c(C(C)(C)C)cc(C)cc1C(C)(C)C,3,0.986552929,True,"CC(C)(C)Cl, CC(C)(C)Cl, CN=C(O)Oc1ccccc1",507-20-0,507-20-0,,,,,
xxx_0562,OC(=Nc1cccc(Cl)c1)OCC#CCCl,1,0.997628706,True,"O=S(Cl)Cl, OCC#CCOC(O)=Nc1cccc(Cl)c1",7719-09-7,,,,,,
xxx_0563,CCC(C)OC(O)=Nc1cccc(Cl)c1,1,0.997628706,True,CC(C)OC(O)=Nc1cccc(Cl)c1,,,,,,,
xxx_0565,OC(=Nc1cccc(Cl)c1)OCCCl,1,0.997628706,True,OC(=Nc1ccccc1)OCCCl,,,,,,,
xxx_0567,CC(C)OC(O)=Nc1cccc(Cl)c1,1,0.997628706,True,CC(C)OC(O)=Nc1cccc(F)c1,,,,,,,
xxx_0570,CCN(C(=O)Oc1cccc(N=C(O)OC(C)C)c1)c1ccccc1,1,0.997628706,True,"CCN(C(=O)Cl)c1ccccc1, CC(C)OC(O)=Nc1cccc(O)c1",33758-39-3,,,,,,
xxx_0573,CC(C)OC(O)=Nc1ccccc1,1,0.997628706,True,CC(C)OC(O)=Nc1ccc(Cl)cc1,,,,,,,
xxx_0574,COC(O)=Nc1ccc(Cl)c(Cl)c1,1,0.997628706,True,COC(O)=Nc1ccc(Cl)cc1,,,,,,,
xxx_0576,CCC(C)c1cc([N+](=O)[O-])cc([N+](=O)[O-])c1OC(=O)Oc1ccc([N+](=O)[O-])cc1[N+](=O)[O-],4,0.975,True,"CCC(C)=O, O=[N+]([O-])c1ccc(F)c([N+](=O)[O-])c1, O=C(O)O, O=[N+]([O-])c1ccc(F)c([N+](=O)[O-])c1",78-93-3,70-34-8,463-79-6,70-34-8,,,
xxx_0577,C=CCOC(=O)Oc1c(I)cc(C#N)cc1I,2,0.994039854,True,"C=CCOC(=O)Cl, N#Cc1ccc(O)c(I)c1",2937-50-0,,,,,,
xxx_0587,CCON=C(CC)C1=C(O)CC(c2c(C)cc(C)cc2C)CC1=O,4,0.975,True,"CCON, CC(=O)OC(C)=O, CCOC(=O)CC(=O)OCC, CC(=O)C=Cc1c(C)cc(C)cc1C",624-86-2,108-24-7,145601-68-9,,,,
xxx_0588,CS(=O)(=O)c1cc(Cl)ccc1C(=O)c1cnoc1C1CC1,2,0.994039854,True,"CS(=O)(=O)c1cccc(Cl)c1, O=C(O)c1cnoc1C1CC1",,,,,,,
xxx_0589,CS(=O)(=O)c1cc(C(F)(F)F)ccc1C(=O)c1cnoc1C1CC1,2,0.994039854,True,"CS(=O)(=O)c1cccc(C(F)(F)F)c1, O=C(O)c1cnoc1C1CC1",,,,,,,
xxx_0590,CCOC(=O)/C(Cl)=C/c1cc(N2C(=O)C3=C(CCCC3)C2=O)ccc1Cl,2,0.994039854,True,"O=C1OC(=O)C2=C1CCCC2, CCOC(=O)/C(Cl)=C/c1ccccc1Cl",2426-02-0,,,,,,
xxx_0592,O=C(O)COc1cc(N2C(=O)C3=C(CCCC3)C2=O)c(F)cc1Cl,2,0.994039854,True,"O=C1OC(=O)C2=C1CCCC2, CCOC(=O)COc1cc(N)c(F)cc1Cl",2426-02-0,,,,,,
xxx_0593,C#CCN1C(=O)COc2cc(F)c(N3C(=O)C4=C(CCCC4)C3=O)cc21,1,0.997628706,True,"O=C1OC(=O)C2=C1CCCC2, C#CCN1C(=O)COc2cc(F)c(N)cc21",2426-02-0,,,,,,
xxx_0594,C#CC(C)Oc1cc(N2C(=O)C3=C(CCCC3)C2=O)c(F)cc1Cl,2,0.994039854,True,"C#CC(C)=O, O=C1OC(=O)C2=C1CCCC2, Nc1cc(O)c(Cl)cc1F",1423-60-5,2426-02-0,84478-72-8,,,,
xxx_0595,CCCCN(CC)c1c([N+](=O)[O-])cc(C(F)(F)F)cc1[N+](=O)[O-],2,0.994039854,True,"CCCCNCC, O=[N+]([O-])c1cc([N+](=O)[O-])cc(C(F)(F)F)c1",13360-63-9,401-99-0,,,,,
xxx_0596,CCC(C)Nc1c([N+](=O)[O-])cc(C(C)(C)C)cc1[N+](=O)[O-],2,0.994039854,True,"CCC(C)=O, O=S(Cl)Cl, CC(C)(C)c1cc([N+](=O)[O-])c(O)c([N+](=O)[O-])c1",78-93-3,7719-09-7,4097-49-8,,,,
xxx_0597,Cc1cc([N+](=O)[O-])c(N(CCCl)CCCl)c([N+](=O)[O-])c1,1,0.997628706,True,"Cc1cc([N+](=O)[O-])c(Cl)c([N+](=O)[O-])c1, ClCCNCCCl",5264-65-3,,,,,,
xxx_0598,CCN(CC)c1c([N+](=O)[O-])cc(C(F)(F)F)c(N)c1[N+](=O)[O-],3,0.986552929,True,"CCNCC, O=[N+]([O-])c1cc([N+](=O)[O-])cc(C(F)(F)F)c1",109-89-7,401-99-0,,,,,
xxx_0599,CCCN(CCC)c1c([N+](=O)[O-])cc(C)cc1[N+](=O)[O-],1,0.997628706,True,"CCCNCCC, Cc1cc([N+](=O)[O-])c(Cl)c([N+](=O)[O-])c1",142-84-7,5264-65-3,,,,,
xxx_0600,C=C(C)CN(CC)c1c([N+](=O)[O-])cc(C(F)(F)F)cc1[N+](=O)[O-],2,0.994039854,True,"C=C(C)CNCC, O=[N+]([O-])c1cc([N+](=O)[O-])cc(C(F)(F)F)c1",18328-90-0,401-99-0,,,,,
xxx_0601,CCCN(CCCl)c1c([N+](=O)[O-])cc(C(F)(F)F)cc1[N+](=O)[O-],2,0.994039854,True,"CCCNCCO, O=S(Cl)Cl, O=[N+]([O-])c1cc([N+](=O)[O-])cc(C(F)(F)F)c1",16369-21-4,7719-09-7,401-99-0,,,,
xxx_0602,CCCN(CCC)c1c([N+](=O)[O-])cc(C(C)C)cc1[N+](=O)[O-],2,0.994039854,True,"CCCNCCC, O=P(Cl)(Cl)Cl, CC(C)c1cc([N+](=O)[O-])c(O)c([N+](=O)[O-])c1",142-84-7,10025-87-3,4097-47-6,,,,
xxx_0603,C=C(C)CN(CCC)c1c([N+](=O)[O-])cc(C(F)(F)F)cc1[N+](=O)[O-],2,0.994039854,True,"O=[N+]([O-])c1cc([N+](=O)[O-])cc(C(F)(F)F)c1, C=C(C)CN, CCC=O",401-99-0,2878-14-0,123-38-6,,,,
xxx_0604,CCCN(CCC)c1c([N+](=O)[O-])cc(S(C)(=O)=O)cc1[N+](=O)[O-],3,0.986552929,True,"O=C(OO)c1cccc(Cl)c1, CCCNCCC, O=[N+]([O-])c1cc(F)cc([N+](=O)[O-])c1F, CSC(C)=O",937-14-4,142-84-7,,1534-08-3,,,
xxx_0605,CCC(CC)Nc1c([N+](=O)[O-])cc(C)c(C)c1[N+](=O)[O-],1,0.997628706,True,"CCC(=O)CC, Cc1cc([N+](=O)[O-])c(N)c([N+](=O)[O-])c1C",96-22-0,,,,,,
xxx_0606,CCCN(CCC)c1c([N+](=O)[O-])cc(C(F)(F)F)c(N)c1[N+](=O)[O-],3,0.986552929,True,"CCCNCCC, O=[N+]([O-])c1cc([N+](=O)[O-])cc(C(F)(F)F)c1",142-84-7,401-99-0,,,,,
xxx_0607,CCCN(CC1CC1)c1c([N+](=O)[O-])cc(C(F)(F)F)cc1[N+](=O)[O-],2,0.994039854,True,"CCCNCC1CC1, O=[N+]([O-])c1cc([N+](=O)[O-])cc(C(F)(F)F)c1",26389-60-6,401-99-0,,,,,
xxx_0608,CCCN(CCC)c1c([N+](=O)[O-])cc(C(F)(F)F)cc1[N+](=O)[O-],2,0.994039854,True,"CCCNCCC, O=[N+]([O-])c1cc([N+](=O)[O-])cc(C(F)(F)F)c1",142-84-7,401-99-0,,,,,
xxx_0609,CCC(C)c1cc([N+](=O)[O-])cc([N+](=O)[O-])c1O,1,0.997628706,True,CC(C)c1cc([N+](=O)[O-])cc([N+](=O)[O-])c1O,118-95-6,,,,,,
xxx_0610,CC(C)(C)c1cc([N+](=O)[O-])cc([N+](=O)[O-])c1O,1,0.997628706,True,"CC(C)(C)O, O=[N+]([O-])c1ccc(O)c([N+](=O)[O-])c1",75-65-0,51-28-5,,,,,
xxx_0611,CCOCc1cc([N+](=O)[O-])cc([N+](=O)[O-])c1O,1,0.997628706,True,"CCOS(=O)(=O)OCC, O=[N+]([O-])c1cc(CO)c(O)c([N+](=O)[O-])c1",98503-29-8,,,,,,
xxx_0612,Cc1c([N+](=O)[O-])cc(C(C)(C)C)c(O)c1[N+](=O)[O-],1,0.997628706,True,Cc1c([N+](=O)[O-])cc(C(C)(C)C)cc1[N+](=O)[O-],4162-89-4,,,,,,
xxx_0613,C[C@H](OC(=O)c1cc(Oc2ccc(C(F)(F)F)cc2Cl)ccc1Cl)C(=O)O,1,0.997628706,True,"C[C@H](OC(=O)c1cc(O)ccc1Cl)C(=O)O, Fc1ccc(C(F)(F)F)cc1Cl",,78068-85-6,,,,,
xxx_0614,O=C(O)c1cc(Oc2ccc(C(F)(F)F)cc2Cl)ccc1[N+](=O)[O-],1,0.997628706,True,"O=C(O)c1cc(F)ccc1[N+](=O)[O-], Oc1ccc(C(F)(F)F)cc1Cl",,,,,,,
xxx_0615,Nc1c([N+](=O)[O-])ccc(Oc2ccccc2)c1Cl,1,0.997628706,True,"O=C1CCC(=O)N1Cl, Nc1cc(Oc2ccccc2)ccc1[N+](=O)[O-]",128-09-6,,,,,,
xxx_0616,COC(=O)c1cc(Oc2ccc(Cl)cc2Cl)ccc1[N+](=O)[O-],1,0.997628706,True,"COC(=O)c1cc(Cl)ccc1[N+](=O)[O-], Oc1ccc(Cl)cc1Cl",51282-49-6,120-83-2,,,,,
xxx_0617,COc1cc(Oc2ccc(Cl)cc2Cl)ccc1[N+](=O)[O-],1,0.997628706,True,"COc1cc(F)ccc1[N+](=O)[O-], Oc1ccc(Cl)cc1Cl",,120-83-2,,,,,
xxx_0618,O=[N+]([O-])c1ccc(Oc2c(Cl)cc(Cl)cc2Cl)cc1,1,0.997628706,True,"O=[N+]([O-])c1ccc(Cl)cc1, Oc1c(Cl)cc(Cl)cc1Cl",100-00-5,88-06-2,,,,,
xxx_0619,O=[N+]([O-])c1ccc(Oc2ccc(C(F)(F)F)cc2[N+](=O)[O-])cc1,1,0.997628706,True,"O=[N+]([O-])c1ccc(Cl)cc1, O=[N+]([O-])c1cc(C(F)(F)F)ccc1O",100-00-5,400-99-7,,,,,
xxx_0620,O=C(O)COC(=O)c1cc(Oc2ccc(C(F)(F)F)cc2Cl)ccc1[N+](=O)[O-],1,0.997628706,True,"O=C(O)COC(=O)c1cc(F)ccc1[N+](=O)[O-], Oc1ccc(C(F)(F)F)cc1Cl",,,,,,,
xxx_0621,O=[N+]([O-])c1ccc(Oc2c(F)cc(Cl)cc2Cl)cc1,1,0.997628706,True,"O=[N+]([O-])c1ccc(F)cc1, Oc1c(F)cc(Cl)cc1Cl",350-46-9,,,,,,
xxx_0623,O=[N+]([O-])c1ccc(Oc2ccc(C(F)(F)F)cc2Cl)cc1OC1CCOC1,2,0.994039854,True,"O=[N+]([O-])c1ccc(O)cc1F, Fc1ccc(C(F)(F)F)cc1Cl, O=C1CCOC1",,78068-85-6,,,,,
xxx_0624,CCOC(=O)C(C)OC(=O)c1cc(Oc2ccc(C(F)(F)F)cc2Cl)ccc1[N+](=O)[O-],3,0.986552929,True,"CCOC(=O)C(C)=O, O=C(O)c1cc(Cl)ccc1[N+](=O)[O-], Oc1ccc(C(F)(F)F)cc1Cl",617-35-6,2516-95-2,,,,,
xxx_0625,O=[N+]([O-])c1ccc(Oc2ccc(Cl)cc2Cl)cc1,1,0.997628706,True,"O=[N+]([O-])c1ccc(O)cc1, Fc1ccc(Cl)cc1Cl",100-02-7,1435-48-9,,,,,
xxx_0626,O=[N+]([O-])c1ccc(Oc2ccc(C(F)(F)F)cc2Cl)cc1,1,0.997628706,True,"O=[N+]([O-])c1ccc(O)cc1, Fc1ccc(C(F)(F)F)cc1Cl",100-02-7,78068-85-6,,,,,
xxx_0627,CCOc1cc(Oc2ccc(C(F)(F)F)cc2Cl)ccc1[N+](=O)[O-],1,0.997628706,True,"CCOc1cc(O)ccc1[N+](=O)[O-], Fc1ccc(C(F)(F)F)cc1Cl",,78068-85-6,,,,,
xxx_0630,O=C(O)C(Cl)(Cl)CCl,1,0.997628706,True,N#CC(Cl)(Cl)CCl,813-74-1,,,,,,
xxx_0631,CC(Cl)(Cl)C(=O)O,1,0.997628706,True,CCOC(=O)C(C)(Cl)Cl,17640-03-8,,,,,,
xxx_0632,O=C(O)C(F)(F)C(F)F,1,0.997628706,True,CCOC(=O)C(F)(F)C(F)F,,,,,,,
xxx_0634,O=C(O)C(Cl)(Cl)Cl,1,0.997628706,True,CCOC(=O)C(Cl)(Cl)Cl,515-84-4,,,,,,
xxx_0642,N#Cc1cc(Br)c(O)c(Br)c1,1,0.997628706,True,N#Cc1ccc(O)c(Br)c1,2315-86-8,,,,,,
xxx_0643,N#Cc1cc(Cl)c(O)c(Cl)c1,1,0.997628706,True,N#Cc1ccc(O)c(Cl)c1,2315-81-3,,,,,,
xxx_0644,N#Cc1c(Cl)cccc1Cl,1,0.997628706,True,O=Cc1c(Cl)cccc1Cl,83-38-5,,,,,,
xxx_0645,N#Cc1cc(I)c(O)c(I)c1,1,0.997628706,True,N#Cc1ccc(O)c(I)c1,,,,,,,
xxx_0646,C#CCN(C)c1c(C#N)cnn1-c1nn2c(c1Cl)CCCC2,5,0.963447071,True,"C#CCNC, O=C1CCC(=O)N1Cl, N#Cc1cn[nH]c1, O=P(Cl)(Cl)Cl, Oc1cc2n(n1)CCCC2",35161-71-8,128-09-6,,10025-87-3,,,
xxx_0657,CCOP(=O)(O)C(=N)O,1,0.997628706,True,CCOP(=O)(OCC)C(=N)O,,,,,,,
xxx_0658,CP(=O)(O)CCC(N)C(=O)O,3,0.986552929,True,"CP(=O)(O)CCCN, O=C(O)O",,463-79-6,,,,,
xxx_0659,CP(=O)(O)CC[C@H](N)C(=O)O,1,0.997628706,True,CC(=O)N[C@@H](CCP(C)(=O)O)C(=O)O,,,,,,,
xxx_0660,O=C(O)CNCP(=O)(O)O,1,0.997628706,True,O=C(O)CN(CC(=O)O)CP(=O)(O)O,5994-61-6,,,,,,
xxx_0663,CN(C)C(O)=Nc1ccc(-n2nc(C(C)(C)C)oc2=O)c(Cl)c1,2,0.994039854,True,"O=C(Cl)Cl, CN(C)C(O)=Nc1ccc(Cl)c(Cl)c1, CC(C)(C)C(=O)NN",75-44-5,,42826-42-6,,,,
xxx_0664,Cn1c(=O)on(-c2ccc(Cl)c(Cl)c2)c1=O,3,0.986552929,True,"CCOC(=O)Cl, CNC(=O)N(O)c1ccccc1",52803-29-9,6263-38-3,,,,,
xxx_0665,C#CCOc1cc(-n2nc(C(C)(C)C)oc2=O)c(Cl)cc1Cl,3,0.986552929,True,"O=C(Cl)Cl, C#CCO, O=C1CCC(=O)N1Cl, CC(C)(C)C(=O)NNc1ccc(Cl)c(F)c1",75-44-5,107-19-7,128-09-6,,,,
xxx_0666,CC(C)Oc1cc(-n2nc(C(C)(C)C)oc2=O)c(Cl)cc1Cl,1,0.997628706,True,"CC(C)Oc1cc(B(O)O)c(Cl)cc1Cl, CC(C)(C)c1n[nH]c(=O)o1",,7120-86-7,,,,,
xxx_0673,O=[N+]([O-])c1ccc(ON=Cc2cc(Br)c(O)c(Br)c2)c([N+](=O)[O-])c1,2,0.994039854,True,"NOc1ccc([N+](=O)[O-])cc1[N+](=O)[O-], O=Cc1ccc(O)c(Br)c1",17508-17-7,2973-78-6,,,,,
xxx_0674,O=C(OCCOc1ccc(Cl)cc1Cl)c1ccccc1,1,0.997628706,True,"O=C(Cl)c1ccccc1, OCCOc1ccc(Cl)cc1Cl",98-88-4,120-67-2,,,,,
xxx_0675,CC(/C=C/C(=O)O)Oc1ccc(Oc2ccc(C(F)(F)F)cc2)cc1,3,0.986552929,True,"COc1ccc(Br)cc1, Oc1ccc(C(F)(F)F)cc1, COC(=O)/C=C/C(C)=O",104-92-7,402-45-9,,,,,
xxx_0676,O=S(=O)(O)OCCOc1ccc(Cl)cc1Cl,1,0.997628706,True,"O=S(=O)(O)OCCCl, Oc1ccc(Cl)cc1Cl",,120-83-2,,,,,
xxx_0677,CC(Cl)(Cl)C(=O)OCCOc1cc(Cl)c(Cl)cc1Cl,1,0.997628706,True,"CC(Cl)(Cl)C(=O)OCCO, Oc1cc(Cl)c(Cl)cc1Cl",,95-95-4,,,,,
xxx_0678,OCCOc1cc(Cl)c(Cl)cc1Cl,1,0.997628706,True,"OCCBr, Oc1cc(Cl)c(Cl)cc1Cl",1867-11-4,95-95-4,,,,,
xxx_0679,CC(C)=NOC(=O)[C@@H](C)Oc1ccc(Oc2ccc(C(F)(F)F)cc2)cc1,2,0.994039854,True,"CC(C)=NO, C[C@@H](Oc1ccc(O)cc1)C(=O)O, FC(F)(F)c1ccc(Cl)cc1",127-06-0,94050-90-5,98-56-6,,,,
xxx_0680,O=C(O)COc1ccc(Cl)cc1,1,0.997628706,True,CCOC(=O)COc1ccc(Cl)cc1,14426-42-7,,,,,,
xxx_0681,O=C(O)COc1ccc(Cl)cc1Cl,1,0.997628706,True,CCOC(=O)COc1ccc(Cl)cc1Cl,533-23-3,,,,,,
xxx_0682,O=C(O)COc1ccc(Cl)c(Cl)c1,1,0.997628706,True,CCOC(=O)COc1ccc(Cl)c(Cl)c1,,,,,,,
xxx_0683,Cc1cc(Cl)ccc1OCC(=O)O,1,0.997628706,True,CCOC(=O)COc1ccc(Cl)cc1C,2698-38-6,,,,,,
xxx_0684,CCSC(=O)COc1ccc(Cl)cc1C,2,0.994039854,True,"Cc1cc(Cl)ccc1O, CCSC(C)=O",1570-64-5,59094-77-8,,,,,
xxx_0685,O=C(O)COc1cc(Cl)c(Cl)cc1Cl,1,0.997628706,True,"O=C(O)CCl, Oc1cc(Cl)c(Cl)cc1Cl",79-11-8,95-95-4,,,,,
xxx_0686,O=C(O)CCCOc1ccc(Cl)cc1,1,0.997628706,True,CCOC(=O)CCCOc1ccc(Cl)cc1,59227-79-1,,,,,,
xxx_0687,O=C(O)CCCOc1ccc(Cl)cc1Cl,1,0.997628706,True,"CCOC(=O)CCCBr, Oc1ccc(Cl)cc1Cl",2969-81-5,120-83-2,,,,,
xxx_0688,O=C(O)CCCOc1ccc(Cl)c(Cl)c1,1,0.997628706,True,"CCOC(=O)CCCBr, Oc1ccc(Cl)c(Cl)c1",2969-81-5,95-77-2,,,,,
xxx_0689,Cc1cc(Cl)ccc1OCCCC(=O)O,1,0.997628706,True,"CCOC(=O)CCCBr, Cc1cc(Cl)ccc1O",2969-81-5,1570-64-5,,,,,
xxx_0690,O=C(O)CCCOc1cc(Cl)c(Cl)cc1Cl,1,0.997628706,True,"CCOC(=O)CCCBr, Oc1cc(Cl)c(Cl)cc1Cl",2969-81-5,95-95-4,,,,,
xxx_0691,CC(Oc1cccc(Cl)c1)C(=O)O,2,0.994039854,True,"Oc1cccc(Cl)c1, CCOC(=O)CC",108-43-0,105-37-3,,,,,
xxx_0692,CC(Oc1ccc(Cl)cc1)C(=O)O,2,0.994039854,True,"Oc1ccc(Cl)cc1, CCC(=O)O",106-48-9,68990-37-4,,,,,
xxx_0693,CC(Oc1ccc(Cl)cc1Cl)C(=O)O,2,0.994039854,True,"Oc1ccc(Cl)cc1Cl, CCOC(=O)CC",120-83-2,105-37-3,,,,,
xxx_0694,C[C@@H](Oc1ccc(Cl)cc1Cl)C(=O)O,1,0.997628706,True,COC(=O)[C@@H](C)Oc1ccc(Cl)cc1Cl,,,,,,,
xxx_0695,CC(C(=O)O)c1ccc(Cl)c(Cl)c1,1,0.997628706,True,O=C(O)Cc1ccc(Cl)c(Cl)c1,5807-30-7,,,,,,
xxx_0696,CC(Oc1cc(Cl)c(Cl)cc1Cl)C(=O)O,2,0.994039854,True,"Oc1cc(Cl)c(Cl)cc1Cl, CCOC(=O)CC",95-95-4,105-37-3,,,,,
xxx_0697,Cc1cc(Cl)ccc1OC(C)C(=O)O,2,0.994039854,True,"Cc1cc(Cl)ccc1O, CCOC(=O)CC",1570-64-5,105-37-3,,,,,
xxx_0698,Cc1cc(Cl)ccc1O[C@H](C)C(=O)O,1,0.997628706,True,CCOC(=O)[C@@H](C)Oc1ccc(Cl)cc1C,,,,,,,
xxx_0699,CC(Oc1ccc(Oc2ncc(Cl)cc2Cl)cc1)C(=O)O,2,0.994039854,True,"CCOC(=O)CC, Oc1ccc(O)cc1, Clc1cnc(Cl)c(Cl)c1",105-37-3,57534-13-1,16063-70-0,,,,
xxx_0700,C[C@@H](Oc1ccc(Oc2ncc(Cl)cc2F)cc1)C(=O)O,1,0.997628706,True,"C[C@@H](Oc1ccc(O)cc1)C(=O)O, Fc1cc(Cl)cnc1F",94050-90-5,89402-43-7,,,,,
xxx_0701,CC(Oc1ccc(Oc2ccc(Cl)cc2)cc1)C(=O)O,3,0.986552929,True,"COc1ccc(Br)cc1, Oc1ccc(Cl)cc1, CCC(=O)OC",104-92-7,106-48-9,554-12-1,,,,
xxx_0702,C[C@@H](Oc1ccc(Oc2ccc(C#N)cc2F)cc1)C(=O)O,1,0.997628706,True,"C[C@@H](Oc1ccc(F)cc1)C(=O)O, N#Cc1ccc(O)c(F)c1",,,,,,,
xxx_0703,CC(Oc1ccc(Oc2ccc(Cl)cc2Cl)cc1)C(=O)O,3,0.986552929,True,"COc1ccc(Br)cc1, Oc1ccc(Cl)cc1Cl, CCC(=O)OC",104-92-7,120-83-2,554-12-1,,,,
xxx_0704,CC(Oc1ccc(Oc2nc3ccc(Cl)cc3o2)cc1)C(=O)O,2,0.994039854,True,"CCOC(=O)CC, Oc1ccc(O)cc1, Clc1ccc2nc(Cl)oc2c1",105-37-3,57534-13-1,3621-82-7,,,,
xxx_0705,C[C@@H](Oc1ccc(Oc2nc3ccc(Cl)cc3o2)cc1)C(=O)O,1,0.997628706,True,"C[C@@H](Oc1ccc(O)cc1)C(=O)O, Clc1ccc2nc(Cl)oc2c1",94050-90-5,3621-82-7,,,,,
xxx_0706,CC(Oc1ccc(Oc2ccc(C(F)(F)F)cn2)cc1)C(=O)O,2,0.994039854,True,"CCOC(=O)CC, Oc1ccc(O)cc1, FC(F)(F)c1ccc(Cl)nc1",105-37-3,57534-13-1,52334-81-3,,,,
xxx_0707,C[C@@H](Oc1ccc(Oc2ccc(C(F)(F)F)cn2)cc1)C(=O)O,1,0.997628706,True,"C[C@@H](Oc1ccc(O)cc1)C(=O)O, FC(F)(F)c1ccc(Cl)nc1",94050-90-5,52334-81-3,,,,,
xxx_0708,CC(Oc1ccc(Oc2ncc(C(F)(F)F)cc2Cl)cc1)C(=O)O,2,0.994039854,True,"CCOC(=O)CC, Oc1ccc(O)cc1, FC(F)(F)c1cnc(Cl)c(Cl)c1",105-37-3,57534-13-1,69045-84-7,,,,
xxx_0709,C[C@@H](Oc1ccc(Oc2ncc(C(F)(F)F)cc2Cl)cc1)C(=O)O,1,0.997628706,True,"C[C@@H](Oc1ccc(O)cc1)C(=O)O, FC(F)(F)c1cnc(Cl)c(Cl)c1",94050-90-5,69045-84-7,,,,,
xxx_0711,C=C(C)C(OC(=O)C(C)Oc1ccc(Oc2cnc3cc(Cl)ccc3n2)cc1)C(=O)OCC,5,0.963447071,True,"Oc1ccc(O)cc1, Clc1ccc2nc(Cl)cnc2c1, C=C(C)CC(=O)O, CC(=O)O, CCC(=O)OC",57534-13-1,18671-97-1,,157090-22-7,554-12-1,,
xxx_0712,CC(C)=NOCCOC(=O)[C@@H](C)Oc1ccc(Oc2cnc3cc(Cl)ccc3n2)cc1,2,0.994039854,True,"OCCBr, CC(C)=NO, COC(=O)[C@@H](C)Oc1ccc(O)cc1, Clc1ccc2nc(Cl)cnc2c1",1867-11-4,127-06-0,96562-58-2,18671-97-1,,,
xxx_0713,CC(Oc1ccc(Oc2cnc3cc(Cl)ccc3n2)cc1)C(=O)O,2,0.994039854,True,"CCOC(=O)CC, Oc1ccc(O)cc1, Clc1ccc2nc(Cl)cnc2c1",105-37-3,57534-13-1,18671-97-1,,,,
xxx_0714,C[C@@H](Oc1ccc(Oc2cnc3cc(Cl)ccc3n2)cc1)C(=O)O,1,0.997628706,True,"C[C@@H](Oc1ccc(O)cc1)C(=O)O, Clc1ccc2nc(Cl)cnc2c1",94050-90-5,18671-97-1,,,,,
xxx_0715,CC(Oc1ccc(Oc2ccc(C(F)(F)F)cc2)cc1)C(=O)O,3,0.986552929,True,"COc1ccc(O)cc1, FC(F)(F)c1ccc(Br)cc1, CCC(=O)OC",150-76-5,402-43-7,554-12-1,,,,
xxx_0721,Cc1ccc(C(=O)COc2c(C(=O)c3ccc(Cl)c(C)c3Cl)c(C)nn2C)cc1,2,0.994039854,True,"Cc1ccc(C(=O)CBr)cc1, Cc1c(Cl)ccc(C(=O)O)c1Cl, Cc1cc(O)n(C)n1",619-41-0,,,,,,
xxx_0722,Cc1nn(C)c(O)c1C(=O)c1ccc(C(F)(F)F)cc1S(C)(=O)=O,2,0.994039854,True,"Cc1cc(O)n(C)n1, CS(=O)(=O)c1cc(C(F)(F)F)ccc1C#N",,,,,,,
xxx_0723,Cc1ccc(S(=O)(=O)Oc2c(C(=O)c3ccc(Cl)cc3Cl)c(C)nn2C)cc1,2,0.994039854,True,"Cc1ccc(S(=O)(=O)O)cc1, O=C(Cl)c1ccc(Cl)cc1Cl, Cc1cc(=O)n(C)[nH]1",25231-46-3,89-75-8,,,,,
xxx_0724,Cc1nn(C)c(OCC(=O)c2ccccc2)c1C(=O)c1ccc(Cl)cc1Cl,2,0.994039854,True,"O=C(CBr)c1ccccc1, O=C(Cl)c1ccc(Cl)cc1Cl, Cc1cc(=O)n(C)[nH]1",70-11-1,89-75-8,,,,,
xxx_0725,CC(C)OC(=O)c1cc(-c2nn(C)c(C(F)(F)F)c2Br)c(F)cc1Cl,4,0.975,True,"Cn1ncc(Br)c1C(F)(F)F, CC(C)(O)C(C)(C)O, CC(C)O, Nc1cc(F)c(Br)cc1C(=O)O, OB(O)B(O)O, CC(C)(O)C(C)(C)O",,52400-10-9,8013-70-5,,13675-18-8,52400-10-9,
xxx_0726,Nc1c([N+](=O)[O-])cnn1-c1c(Cl)cc(C(F)(F)F)cc1Cl,2,0.994039854,True,"Nc1[nH]ncc1[N+](=O)[O-], Nc1cc(C(F)(F)F)cc(Cl)c1F",,,,,,,
xxx_0728,Cn1nc(-c2cc(OCC(=O)O)c(Cl)cc2F)c(Cl)c1OC(F)F,7,0.952371294,True,"O=C(O)CO, FC(F)Cl, COC(=O)OC, CC(=O)c1cc(F)c(Cl)cc1F, O=N[N+](=O)[O-]",259744-22-4,73666-77-0,616-38-6,,91913-71-2,,
xxx_0729,Cc1ccccc1Oc1cccnn1,1,0.997628706,True,"Cc1ccccc1O, Brc1cccnn1",95-48-7,,,,,,
xxx_0731,Oc1cc(Cl)nnc1-c1ccccc1,1,0.997628706,True,"O=P(Cl)(Cl)Cl, O=c1cc(O)c(-c2ccccc2)n[nH]1",10025-87-3,,,,,,
xxx_0732,CCCCCCCCSC(=O)Oc1cc(Cl)nnc1-c1ccccc1,2,0.994039854,True,"CCCCCCCCS, O=C(Cl)Cl, Oc1cc(Cl)nnc1-c1ccccc1",94805-33-1,75-44-5,,,,,
xxx_0733,Nc1cnn(-c2ccccc2)c(=O)c1Br,1,0.997628706,True,"Nc1cn[nH]c(=O)c1Br, Ic1ccccc1",,591-50-4,,,,,
xxx_0734,Nc1cnn(-c2ccccc2)c(=O)c1Cl,1,0.997628706,True,"Nc1cn[nH]c(=O)c1Cl, Ic1ccccc1",6339-19-1,591-50-4,,,,,
xxx_0735,COc1cnn(-c2ccccc2)c(=O)c1OC,1,0.997628706,True,COc1cnn(-c2ccccc2)c(=O)c1O,,,,,,,
xxx_0736,Cc1c(C(F)(F)F)cnn(-c2cc(OCC(=O)O)c(Cl)cc2F)c1=O,2,0.994039854,True,"O=C(O)CO, Cc1c(C(F)(F)F)cn[nH]c1=O, Fc1cc(Br)c(F)cc1Cl",259744-22-4,,,,,,
xxx_0737,CN(C)c1cnn(-c2cccc(C(F)(F)F)c2)c(=O)c1Cl,2,0.994039854,True,"FC(F)(F)c1cccc(Br)c1, CN(C)c1cn[nH]c(=O)c1, O=C1CCC(=O)N1Cl",401-78-5,,128-09-6,,,,
xxx_0738,CNc1cnn(-c2cccc(C(F)(F)F)c2)c(=O)c1Cl,1,0.997628706,True,"CNc1cn[nH]c(=O)c1Cl, FC(F)(F)c1cccc(Br)c1",,401-78-5,,,,,
xxx_0739,O=C(O)C(=O)Nc1cnn(-c2ccccc2)c(=O)c1Br,2,0.994039854,True,"O=C(O)C(=O)Nc1cn[nH]c(=O)c1, OB(O)c1ccccc1",,98-80-6,,,,,
xxx_0741,CC(=O)Oc1c(I)cnc(Cl)c1I,3,0.986552929,True,"CC(=O)OC(C)=O, Oc1ccnc(Cl)c1",108-24-7,,,,,,
xxx_0743,Nc1c(Cl)c(F)nc(OCC(=O)O)c1Cl,1,0.997628706,True,"O=C(O)CBr, Nc1c(Cl)c(O)nc(F)c1Cl",79-08-3,,,,,,
xxx_0744,Oc1c(Cl)c(F)nc(F)c1Cl,1,0.997628706,True,COc1c(Cl)c(F)nc(F)c1Cl,,,,,,,
xxx_0745,Oc1c(Cl)cnc(Cl)c1Cl,1,0.997628706,True,"O=C1CCC(=O)N1Cl, Oc1ccnc(Cl)c1Cl",128-09-6,,,,,,
xxx_0747,O=C(O)COc1nc(Cl)c(Cl)cc1Cl,1,0.997628706,True,"O=C(O)CCl, Oc1nc(Cl)c(Cl)cc1Cl",79-11-8,,,,,,
xxx_0748,CC(C)N=c1cc(Cl)[nH]c(=N)[nH]1,1,0.997628706,True,CCN=c1cc(Cl)[nH]c(=N)[nH]1,,,,,,,
xxx_0749,CSc1c(Cl)[nH]c(=N)[nH]c1=N,1,0.997628706,True,"CSSC, N=c1cc(Cl)[nH]c(=N)[nH]1",624-92-0,,,,,,
xxx_0750,COc1cc(OC)nc(Oc2ccccc2CNc2ccc(C(=O)OC(C)C)cc2)n1,2,0.994039854,True,"CC(C)OC(=O)c1ccc(N)cc1, COc1cc(OC)nc(S(C)(=O)=O)n1, O=Cc1ccccc1O",18144-43-9,113583-35-0,90-02-8,,,,
xxx_0751,CCCOC(=O)c1ccc(NCc2ccccc2Oc2nc(OC)cc(OC)n2)cc1,2,0.994039854,True,"CCCOC(=O)c1ccc(N)cc1, O=Cc1ccccc1O, COc1cc(OC)nc(S(C)(=O)=O)n1",94-12-2,90-02-8,113583-35-0,,,,
xxx_0752,C[n+]1ccc(-c2ccccc2)cc1,1,0.997628706,True,"C[n+]1ccc(B(O)O)cc1, Brc1ccccc1",,108-86-1,,,,,
xxx_0753,CCN(CC)C(=O)C[n+]1ccc(-c2cc[n+](CC(=O)N(CC)CC)cc2)cc1,4,0.975,True,"CCNCC, CCOC(=O)C[n+]1ccccc1, CC(C)(O)C(C)(C)O, O=C(O)C[n+]1ccccc1, CCNCC, OB(O)B(O)O, CC(C)(O)C(C)(C)O",109-89-7,,52400-10-9,,109-89-7,13675-18-8,52400-10-9
xxx_0756,C[n+]1ccc(-c2cc[n+](C)cc2)cc1,1,0.997628706,True,"C[n+]1ccccc1, C[n+]1ccc(N)cc1",,,,,,,
xxx_0757,CCSC(=O)N(CC(C)C)CC(C)C,2,0.994039854,True,"CC(C)CBr, CCSC(=O)Cl, CC(C)CN",78-77-3,2941-64-2,78-81-9,,,,
xxx_0758,CCSC(=O)N(CC)C1CCCCC1,1,0.997628706,True,"O=C1CCCCC1, CCNC(=O)SCC",11119-77-0,39078-37-0,,,,,
xxx_0759,CC(C)N(C(=O)SCC(Cl)=CCl)C(C)C,3,0.986552929,True,"ClC=C(Cl)CCl, CC(C)N(C(=O)Cl)C(C)C, SCc1ccccc1",,19009-39-3,16528-58-8,,,,
xxx_0760,CCCN(CCC)C(=O)SCC,1,0.997628706,True,CCCSC(=O)N(CCC)CCC,1929-77-7,,,,,,
xxx_0761,CCN(C(=O)SCc1ccccc1)C(C)C(C)C,2,0.994039854,True,"SCc1ccccc1, CC(=O)C(C)C, CCNC(=O)Cl",16528-58-8,52325-52-7,,,,,
xxx_0762,CCSC(=O)N(CC)CC,1,0.997628706,True,CCN(CC)C(=O)SC,37174-63-3,,,,,,
xxx_0764,CCN(CC)C(=O)SCc1ccc(OC)cc1,1,0.997628706,True,"COc1ccc(CO)cc1, CCN(CC)C(=O)S",105-13-5,19045-48-8,,,,,
xxx_0765,CCSC(=O)N1CCCCCC1,1,0.997628706,True,CCSC(=O)N1CCCCCC1=O,24928-89-0,,,,,,
xxx_0766,CCN(CC)C(=O)SCc1ccccc1Cl,1,0.997628706,True,"Clc1ccccc1CBr, CCN(CC)C(=O)S",611-17-6,19045-48-8,,,,,
xxx_0767,CCCCN(CC)C(=O)SCCC,2,0.994039854,True,"CCCCI, CCN=C=O, CCCS",25267-27-0,109-90-0,51285-52-0,,,,
xxx_0768,CCCN(CCC)C(=O)SCc1ccccc1,1,0.997628706,True,"CCCN(CCC)C(=O)Cl, SCc1ccccc1",27086-19-7,16528-58-8,,,,,
xxx_0769,COc1cccc(N(C)C(=S)Oc2cccc(C(C)(C)C)c2)n1,2,0.994039854,True,"CNc1cccc(OC)n1, S=C(Cl)Cl, CC(C)(C)c1cccc(O)c1",88569-83-9,463-71-8,585-34-2,,,,
xxx_0770,C=C(Cl)CSC(=S)N(CC)CC,5,0.963447071,True,"CCCC(=O)O, CCN=C=S, C=C(Cl)CSC(C)=O",107-92-6,542-85-8,,,,,
xxx_0771,CCN(CC)C(=O)SCc1ccc(Cl)cc1,1,0.997628706,True,"Clc1ccc(CBr)cc1, CCN(CC)C(=O)S",622-95-7,19045-48-8,,,,,
xxx_0772,CCC(C)N(C(=O)SCc1ccccc1)C(C)CC,4,0.975,True,"SCc1ccccc1, O=C(Cl)Cl, CCC(C)=O, CC(C)N",16528-58-8,75-44-5,78-93-3,85404-24-6,,,
xxx_0773,CC(C)N(C(=O)SCC(Cl)=C(Cl)Cl)C(C)C,6,0.955960146,True,"CC(C)=O, CC(C)=O, CC(C)(C)OC(=O)OC(=O)OC(C)(C)C, NC(=O)S, O=C(O)C(Cl)=C(Cl)Cl",67-64-1,67-64-1,24424-99-5,,,,
xxx_0774,CCCSC(=O)N(CCC)CCC,1,0.997628706,True,"CCCN(CCC)C(=O)Cl, CCCS",27086-19-7,51285-52-0,,,,,
xxx_0776,CC(C)OC(=S)S,2,0.994039854,True,"CC(C)Br, COC(=S)S",75-26-3,2042-42-4,,,,,
xxx_0777,Cc1cccc(N=C(S)N(C)C)c1,1,0.997628706,True,CCc1cccc(N=C(S)N(C)C)c1,,,,,,,
xxx_0778,CCSc1nc(=NC(C)C)[nH]c(=NC(C)C)[nH]1,1,0.997628706,True,CSc1nc(=NC(C)C)[nH]c(=NC(C)C)[nH]1,,,,,,,
xxx_0779,CC(C)N=c1nc(SC(F)F)[nH]c(=NC(C)C)[nH]1,1,0.997628706,True,"CC(C)N=c1nc(S)[nH]c(=NC(C)C)[nH]1, FC(F)Cl",,73666-77-0,,,,,
xxx_0780,Oc1nc(O)nc(O)n1,1,0.997628706,True,Nc1nc(O)nc(O)n1,,,,,,,
xxx_0781,CCN=c1nc(Cl)[nH]c(=NC(C)C)[nH]1,1,0.997628706,True,"CCN=c1nc(O)[nH]c(=NC(C)C)[nH]1, O=P(Cl)(Cl)Cl",,10025-87-3,,,,,
xxx_0782,CCN(CC)c1nc(Cl)nc(N(CC)CC)n1,1,0.997628706,True,"CCN(CC)c1nc(Cl)nc(Cl)n1, CCNCC",1722-19-6,109-89-7,,,,,
xxx_0783,CCN=c1nc(Cl)nc(NC(C)(C)C#N)[nH]1,1,0.997628706,True,"CCN=c1nc(Cl)nc(Cl)[nH]1, CC(C)(N)C#N",,19355-69-2,,,,,
xxx_0784,CC(C)N=c1nc(Cl)[nH]c(=NC2CC2)[nH]1,1,0.997628706,True,Clc1nc(=NC2CC2)[nH]c(=NC2CC2)[nH]1,,,,,,,
xxx_0785,CCN=c1nc(Cl)[nH]c(=NCC(=O)O)[nH]1,2,0.994039854,True,C=CCN=c1[nH]c(Cl)nc(=NCC)[nH]1,,,,,,,
xxx_0786,CCN(CC)c1nc(Cl)nc(=NC(C)C)[nH]1,1,0.997628706,True,"CCNCC, CC(C)N=c1nc(Cl)nc(Cl)[nH]1",109-89-7,,,,,,
xxx_0787,COCCCN=c1nc(Cl)[nH]c(=NC(C)C)[nH]1,2,0.994039854,True,C=CCN=c1nc(Cl)[nH]c(=NC(C)C)[nH]1,,,,,,,
xxx_0788,CC(C)(C#N)Nc1nc(Cl)nc(=NC2CC2)[nH]1,1,0.997628706,True,"CC(C)(N)C#N, Clc1nc(Cl)[nH]c(=NC2CC2)n1",19355-69-2,,,,,,
xxx_0789,CC(C)N=c1[nH]c(Cl)nc(=NCC(=O)O)[nH]1,1,0.997628706,True,CC(C)N=c1[nH]c(Cl)nc(=NCCO)[nH]1,,,,,,,
xxx_0790,CC(C)N=c1nc(Cl)[nH]c(=NC(C)C)[nH]1,1,0.997628706,True,"CC(C)N=c1nc(O)[nH]c(=NC(C)C)[nH]1, O=P(Cl)(Cl)Cl",,10025-87-3,,,,,
xxx_0792,CCN=c1nc(Cl)[nH]c(=NCC)[nH]1,1,0.997628706,True,"CCN=c1nc(O)[nH]c(=NCC)[nH]1, O=P(Cl)(Cl)Cl",,10025-87-3,,,,,
xxx_0793,CCN=c1nc(Cl)nc(NC(C)(C)C)[nH]1,1,0.997628706,True,"CCN=c1nc(Cl)nc(Cl)[nH]1, CC(C)(C)N",,75-64-9,,,,,
xxx_0794,CCN=c1nc(Cl)nc(N(CC)CC)[nH]1,1,0.997628706,True,"CCN=c1nc(Cl)nc(Cl)[nH]1, CCNCC",,109-89-7,,,,,
xxx_0797,CCN=c1nc(OC)[nH]c(=NC(C)C)[nH]1,1,0.997628706,True,CCN=c1nc(OCC)[nH]c(=NC(C)C)[nH]1,,,,,,,
xxx_0799,COc1nc(=NC(C)C)[nH]c(=NC(C)C)[nH]1,1,0.997628706,True,CCOc1nc(=NC(C)C)[nH]c(=NC(C)C)[nH]1,,,,,,,
xxx_0801,CCN=c1nc(OC)[nH]c(=NCC)[nH]1,1,0.997628706,True,CCN=c1nc(O)[nH]c(=NCC)[nH]1,,,,,,,
xxx_0802,CCN=c1nc(NC(C)(C)C)[nH]c(OC)n1,1,0.997628706,True,CCN=c1nc(NC(C)(C)C)[nH]c(OCC)n1,,,,,,,
xxx_0803,CCN=c1nc(SC)[nH]c(=NC(C)C)[nH]1,1,0.997628706,True,CCN=c1[nH]c(=S)[nH]c(=NC(C)C)[nH]1,,,,,,,
xxx_0805,CN=c1nc(SC)[nH]c(=NC(C)C)[nH]1,1,0.997628706,True,CCSc1nc(=NC)[nH]c(=NC(C)C)[nH]1,,,,,,,
xxx_0808,CSc1nc(=NC(C)C)[nH]c(=NC(C)C)[nH]1,1,0.997628706,True,CC(C)N=c1[nH]c(=S)[nH]c(=NC(C)C)[nH]1,,,,,,,
xxx_0809,CCN=c1nc(SC)[nH]c(=NCC)[nH]1,1,0.997628706,True,CCN=c1[nH]c(=S)[nH]c(=NCC)[nH]1,,,,,,,
xxx_0810,CCN=c1nc(NC(C)(C)C)[nH]c(SC)n1,2,0.994039854,True,"CC(C)(C)N, CCCCN=c1nc(Cl)[nH]c(SC)n1",75-64-9,,,,,,
xxx_0811,CCSc1nc(=O)n(CC(C)(C)C)c(=O)n1N,4,0.975,True,"CC(C)(C)CBr, CC(=O)O, O=c1nc(S)[nH]c(=O)[nH]1",630-17-1,157090-22-7,,,,,
xxx_0812,CN(C)c1nnc(C(C)(C)C)c(=O)n1C,3,0.986552929,True,"CSc1nnc(C(C)(C)C)c(=O)[nH]1, CNC=O",,123-39-7,,,,,
xxx_0813,CCSc1nnc(C(C)(C)C)c(=O)n1N,1,0.997628706,True,CSc1nnc(C(C)(C)C)c(=O)n1N,21087-64-9,,,,,,
xxx_0814,CN(C)c1nc(=O)n(C2CCCCC2)c(=O)n1C,1,0.997628706,True,CN(C)c1nc(=O)n(C2CCCCC2)c(=O)[nH]1,,,,,,,
xxx_0815,CSc1nnc(C(C)(C)C)c(=O)n1N=CC(C)C,1,0.997628706,True,"CSc1nnc(C(C)(C)C)c(=O)n1N, CC(C)C=O",21087-64-9,26140-46-5,,,,,
xxx_0816,Cc1nnc(-c2ccccc2)c(=O)n1N,1,0.997628706,True,Cc1nnc(-c2ccccc2)c(=O)[nH]1,,,,,,,
xxx_0817,CSc1nnc(C(C)(C)C)c(=O)n1N,1,0.997628706,True,CC(C)(C)c1n[nH]c(=S)n(N)c1=O,33509-43-2,,,,,,
xxx_0819,N=c1nc[nH][nH]1,1,0.997628706,True,N=c1nc(S)[nH][nH]1,,,,,,,
xxx_0824,CCC(C)n1c(O)nc(C)c(Br)c1=O,1,0.997628706,True,Cc1nc(O)n(C(C)C)c(=O)c1Br,,,,,,,
xxx_0825,C=CCOC(=O)C(C)(C)OC(=O)c1cc(-n2c(=O)cc(C(F)(F)F)n(C)c2=O)ccc1Cl,4,0.975,True,"CN(C)c1nc(C(F)(F)F)cc(=O)o1, O=C(Cl)c1cc([N+](=O)[O-])ccc1Cl, C=CCOC(=O)C(C)(C)O",,25784-91-2,,,,,
xxx_0826,CC(C)OC(=O)c1cc(-n2c(=O)cc(C(F)(F)F)n(C)c2=O)ccc1Cl,2,0.994039854,True,"CC(C)OC(=O)c1cc(N)ccc1Cl, CN(C)c1nc(C(F)(F)F)cc(=O)o1",,,,,,,
xxx_0827,Cc1nc(O)n(C(C)C)c(=O)c1Br,1,0.997628706,True,"Cc1nc(O)[nH]c(=O)c1Br, CC(C)I",,107-08-4,,,,,
xxx_0829,Cc1nc(O)n(C(C)(C)C)c(=O)c1Cl,1,0.997628706,True,Cc1cc(=O)n(C(C)(C)C)c(O)n1,,,,,,,
xxx_0831,CN(C)C(O)=NC1CCCCCCC1,1,0.997628706,True,NC(O)=NC1CCCCCCC1,,,,,,,
xxx_0835,COc1ccc(C(=O)N(C(=O)N(C)C)c2ccc(Cl)c(Cl)c2)cc1,1,0.997628706,True,"COc1ccc(C(=O)Cl)cc1, CN(C)C(=O)Nc1ccc(Cl)c(Cl)c1",100-07-2,102962-29-8,,,,,
xxx_0836,C#CC(C)N(C)C(=O)Nc1ccc(Cl)cc1,2,0.994039854,True,"CNC(=O)Nc1ccc(Cl)cc1, C#CC(C)=O",5352-88-5,1423-60-5,,,,,
xxx_0837,CON(C)C(O)=Nc1ccc(Br)c(Cl)c1,1,0.997628706,True,"O=C1CCC(=O)N1Br, CON(C)C(O)=Nc1cccc(Cl)c1",3493-39-8,,,,,,
xxx_0838,CCOc1ccc(N=C(O)N(C)C)cc1Cl,1,0.997628706,True,CCOc1ccc(N=C(N)O)cc1Cl,,,,,,,
xxx_0839,Cc1ccc(N=C(O)N(C)C)cc1Cl,1,0.997628706,True,Cc1ccc(N=C(O)N(C)C)cc1,,,,,,,
xxx_0840,CN(C)C(=O)Nc1ccc(Oc2ccc(Cl)cc2)cc1,1,0.997628706,True,"CN(C)C(=O)Nc1ccc(Br)cc1, Oc1ccc(Cl)cc1",3408-97-7,106-48-9,,,,,
xxx_0841,Cc1ccc(NC(O)=NC(C)(C)c2ccccc2)cc1,1,0.997628706,True,"Cc1ccc(I)cc1, CC(C)(N=C(N)O)c1ccccc1",624-31-7,,,,,,
xxx_0842,COc1ccc(Oc2ccc(NC(=O)N(C)C)cc2)cc1,1,0.997628706,True,"CN(C)C(=O)Cl, COc1ccc(Oc2ccc(N)cc2)cc1",342009-25-0,31465-36-8,,,,,
xxx_0843,CN(C)C(O)=Nc1ccc(Cl)c(Cl)c1,1,0.997628706,True,CN(C)C(O)=Nc1ccc(Cl)cc1,,,,,,,
xxx_0844,CN(C)C(O)=Nc1ccccc1,1,0.997628706,True,CN(C)C(O)=Nc1ccc(Cl)cc1,,,,,,,
xxx_0845,CN(C)C(O)=Nc1cccc(C(F)(F)F)c1,1,0.997628706,True,NC(O)=Nc1cccc(C(F)(F)F)c1,,,,,,,
xxx_0847,CC(C)c1ccc(NC(=O)N(C)C)cc1,1,0.997628706,True,"CC(C)c1ccc(N)cc1, CN(C)C(N)=O",99-88-7,598-94-7,,,,,
xxx_0848,CON(C)C(O)=Nc1ccc(Cl)c(Cl)c1,1,0.997628706,True,CON(C)C(O)=Nc1ccc(Cl)cc1,,,,,,,
xxx_0849,CN(C(O)=NC(C)(C)c1ccccc1)c1ccccc1,1,0.997628706,True,"CNC(O)=NC(C)(C)c1ccccc1, Brc1ccccc1",,108-86-1,,,,,
xxx_0851,CON(C)C(=O)Nc1ccc(Br)cc1,1,0.997628706,True,"O=C=Nc1ccc(Br)cc1, CNOC",2493-02-9,1117-97-1,,,,,
xxx_0852,COc1ccc(N=C(O)N(C)C)cc1Cl,1,0.997628706,True,CN(C)C(O)=Nc1ccc(O)c(Cl)c1,,,,,,,
xxx_0853,CON(C)C(=O)Nc1ccc(Cl)cc1,1,0.997628706,True,"O=C=Nc1ccc(Cl)cc1, CNOC",104-12-1,1117-97-1,,,,,
xxx_0854,CN(C)C(=O)Nc1ccc(Cl)cc1,1,0.997628706,True,"CN(C)C(=O)Cl, Nc1ccc(Cl)cc1",342009-25-0,106-47-8,,,,,
xxx_0855,CCCCN(C)C(O)=Nc1ccc(Cl)c(Cl)c1,1,0.997628706,True,"CCCC=O, CNC(O)=Nc1ccc(Cl)c(Cl)c1",123-72-8,,,,,,
xxx_0856,CN(C)C(=O)Nc1ccc(C(F)(F)F)cc1,1,0.997628706,True,"CN(C)C(=O)Cl, Nc1ccc(C(F)(F)F)cc1",342009-25-0,455-14-1,,,,,
xxx_0857,CN(C)C(=O)N(C(=O)c1ccccc1)c1ccc(Cl)c(Cl)c1,1,0.997628706,True,"O=C(Cl)c1ccccc1, CN(C)C(=O)Nc1ccc(Cl)c(Cl)c1",98-88-4,102962-29-8,,,,,
xxx_0859,CN(C)C(O)=Nc1cccc(OC(F)(F)C(F)F)c1,1,0.997628706,True,"FC(F)=C(F)F, CN(C)C(O)=Nc1cccc(O)c1",116-14-3,,,,,,
xxx_0860,OC(=Nc1ccccc1)Nc1cnns1,2,0.994039854,True,N#Cc1cccc(N=C(O)Nc2cnns2)c1,,,,,,,
xxx_0862,COc1cc(OC)nc(N=C(O)NS(=O)(=O)Cc2ccccc2C(=O)O)n1,3,0.986552929,True,"COc1cc(OC)nc(N=C(N)O)n1, O=S(=O)(O)Cc1ccccc1Cl",,,,,,,
xxx_0866,COc1cc(OC)nc(N=C(O)NS(=O)(=O)c2ncccc2C(F)(F)F)n1,2,0.994039854,True,"COc1cc(OC)nc(N=C(N)O)n1, FC(F)(F)c1cccnc1S",,,,,,,
xxx_0870,COc1cc(OC)nc(N=C(O)NS(=O)(=O)c2c(Cl)nc3ccccn23)n1,3,0.986552929,True,"COc1cc(OC)nc(N=C(N)O)n1, O=C1CCC(=O)N1Cl, O=S(=O)(O)c1cnc2ccccn12",,128-09-6,,,,,
xxx_0873,Cc1ccnc(N=C(O)NS(=O)(=O)c2ccccc2C(=O)O)n1,2,0.994039854,True,"Cc1ccnc(N=C(N)O)n1, O=S(Cl)Cl, O=C(O)c1ccccc1S(=O)(=O)O",,7719-09-7,30553-06-1,,,,
xxx_0874,COc1cc(OC)nc(N=C(O)NS(=O)(=O)c2ncccc2C(=O)N(C)C)n1,2,0.994039854,True,"COc1cc(OC)nc(N=C(N)O)n1, CN(C)C(=O)c1cccnc1S",,,,,,,
xxx_0876,Cc1cc(C)nc(N=C(O)NS(=O)(=O)c2ccccc2C(=O)OC2COC2)n1,3,0.986552929,True,"Cc1cc(C)nc(N=C(N)O)n1, OC1COC1, Nc1ccccc1C(=O)O",,,1321-11-5,,,,
xxx_0879,CCS(=O)(=O)c1cccnc1S(=O)(=O)NC(O)=Nc1nc(OC)cc(OC)n1,5,0.963447071,True,"COc1cc(OC)nc(N=C(N)O)n1, O=C(OO)c1cccc(Cl)c1, Fc1cccnc1S, CSC(C)=O",,937-14-4,,1534-08-3,,,
xxx_0880,Cc1cc(C)nc(N=C(O)NS(=O)(=O)c2ccccc2C(=O)O)n1,2,0.994039854,True,"Cc1cc(C)nc(N=C(N)O)n1, O=S(Cl)Cl, O=C(O)c1ccccc1S(=O)(=O)O",,7719-09-7,30553-06-1,,,,
xxx_0881,CCS(=O)(=O)c1nc2ccccn2c1S(=O)(=O)NC(O)=Nc1nc(OC)cc(OC)n1,6,0.955960146,True,"COc1cc(OC)nc(N=C(N)O)n1, O=C(OO)c1cccc(Cl)c1, O=C1CCC(=O)N1Cl, O=S(=O)(O)c1cnc2ccccn12, CSC(C)=O",,937-14-4,128-09-6,,1534-08-3,,
xxx_0882,COc1cc(OC)nc(N=C(O)NS(=O)(=O)c2ncccc2OCC(F)(F)F)n1,3,0.986552929,True,"COc1cc(OC)nc(N=C(N)O)n1, OCC(F)(F)F, Fc1cccnc1S",,75-89-8,,,,,
xxx_0896,CCCCS(=O)(=O)c1nnc(N(C)C(O)=NC)s1,2,0.994039854,True,"CN=C(O)NC, CCCCS(=O)(=O)c1nnc(N)s1",,,,,,,
xxx_0897,CCS(=O)(=O)c1nnc(N(C)C(O)=NC)s1,2,0.994039854,True,"CN=C(O)NC, CCS(=O)(=O)c1nnc(N)s1",,,,,,,
xxx_0898,CN=C(O)N(C)c1nnc(C(C)(C)C)s1,1,0.997628706,True,"CN=C(O)NC, CC(C)(C)c1nnc(Cl)s1",,,,,,,
xxx_0899,CN=C(O)N(C)c1nnc(C(F)(F)F)s1,1,0.997628706,True,"CN=C(O)NC, FC(F)(F)c1nnc(Cl)s1",,,,,,,
xxx_0900,N=c1[nH]c(C2CC2)nc(C(=O)O)c1Cl,2,0.994039854,True,"O=C1CCC(=O)N1Cl, N=c1ccnc(C2CC2)[nH]1",128-09-6,,,,,,
xxx_0901,C#CCOc1cc(-n2nc3n(c2=O)CCCC3)c(Cl)cc1Cl,4,0.975,True,"C#CCO, OB(O)c1cccc(F)c1, O=c1[nH]nc2n1CCCC2",107-19-7,768-35-4,,,,,
xxx_0903,O=c1oc(-c2ccccc2)nc2ccccc12,1,0.997628706,True,"O=C(Cl)c1ccccc1, Nc1ccccc1C(=O)O",98-88-4,1321-11-5,,,,,
xxx_0906,CN1CC(O)N(c2nnc(C(C)(C)C)s2)C1=O,2,0.994039854,True,"O=C(n1ccnc1)n1ccnc1, CNCC(OC)OC, CC(C)(C)c1nnc(N)s1",128456-94-0,122-07-6,39222-73-6,,,,
xxx_0907,O=C(O)Cc1c(Cl)ccc(Cl)c1Cl,1,0.997628706,True,O=C(O)Cc1c(Cl)cccc1Cl,,,,,,,
xxx_0908,O=C(O)C(Cl)Cc1ccc(Cl)cc1,2,0.994039854,True,"O=C1CCC(=O)N1Cl, O=CCCc1ccc(Cl)cc1",128-09-6,,,,,,
xxx_0909,FC(F)(F)c1nc2ccc(Cl)c(Cl)c2[nH]1,1,0.997628706,True,"O=C(O)C(F)(F)F, Nc1ccc(Cl)c(Cl)c1N",76-05-1,,,,,,
xxx_0910,O=C(O)C1(O)c2ccccc2-c2ccc(Cl)cc21,1,0.997628706,True,O=C(O)C1(O)c2ccccc2-c2ccccc21,467-69-6,,,,,,
xxx_0911,CC1(C)CON(Cc2ccccc2Cl)C1=O,1,0.997628706,True,"Clc1ccccc1CBr, CC1(C)CONC1=O",611-17-6,,,,,,
xxx_0912,CN(C)C(Cl)=Nc1ccc(Cl)c(Cl)c1,2,0.994039854,True,CN(C)C(Cl)=Nc1ccccc1,7684-30-2,,,,,,
xxx_0913,Clc1ccccc1Cl,1,0.997628706,True,Clc1ccccc1,68411-45-0,,,,,,
xxx_0916,FC(F)(F)c1nc2cc(Cl)cnc2[nH]1,1,0.997628706,True,"O=C(O)C(F)(F)F, Nc1cc(Cl)cnc1N",76-05-1,,,,,,
xxx_0917,Cn1cc(-c2ccccc2)c(=O)c(-c2cccc(C(F)(F)F)c2)c1,2,0.994039854,True,"Nc1ccccc1, Cn1ccc(=O)c(Br)c1, OB(O)c1cccc(C(F)(F)F)c1",62-53-3,,1423-26-3,,,,
xxx_0918,O=C1C(Cl)C(CCl)CN1c1cccc(C(F)(F)F)c1,5,0.963447071,True,"O=S(Cl)Cl, Nc1cccc(C(F)(F)F)c1, C=C(CC(=O)O)C(=O)O, COCc1ccccc1",7719-09-7,98-16-8,25119-64-6,538-86-3,,,
xxx_0921,COC(=O)[C@@H](C)Oc1ccc2ccc(Oc3ccc(C(F)(F)F)cc3Cl)cc2c1,1,0.997628706,True,"COC(=O)[C@@H](C)Oc1ccc2ccc(O)cc2c1, Fc1ccc(C(F)(F)F)cc1Cl",,78068-85-6,,,,,
xxx_0923,CC(C)=NOC(=O)C1Oc2ccccc2Cc2ccccc2O1,2,0.994039854,True,"CC(C)=NO, O=C(O)C(Cl)Cl, Oc1ccccc1Cc1ccccc1O",127-06-0,79-43-6,2467-02-9,,,,
xxx_0925,COc1ccc(C(=O)c2cccc(C)c2)cc1C,1,0.997628706,True,"Cc1cccc(C(=O)Cl)c1, COc1ccccc1C",1711-06-4,578-58-5,,,,,
xxx_0928,CCCCCCCCC(=O)O,1,0.997628706,True,CCCCCCCCC(=O)OCC,123-29-5,,,,,,
xxx_0929,CC(C)=C1OC(=O)N(c2cc(OC3CCCC3)c(Cl)cc2F)C1=O,3,0.986552929,True,"Cc1ccccc1, C=C(C)C(=O)C(=O)OCC, Cc1ccc(S(=O)(=O)OC2CCCC2)cc1, CCOC(=O)Cl, Nc1cc(O)c(Cl)cc1F",3101-08-4,,3558-06-3,52803-29-9,84478-72-8,,
xxx_0931,COc1cc(OC)nc(Oc2cccc(Oc3nc(OC)cc(OC)n3)c2C(=O)ON=C(c2ccccc2)c2ccccc2)n1,3,0.986552929,True,"COc1cc(OC)nc(S(C)(=O)=O)n1, COc1cc(OC)nc(S(C)(=O)=O)n1, O=C(Cl)c1c(O)cccc1O, ON=C(c1ccccc1)c1ccccc1",113583-35-0,113583-35-0,,574-66-3,,,
xxx_0933,NC1=C(Cl)C(=O)c2ccccc2C1=O,5,0.963447071,True,"O=C1C(Cl)=C(Cl)C(=O)c2ccccc21, NC(=O)O",117-80-6,4312-87-2,,,,,
xxx_0934,CCNc1ccc(SC#N)cc1Cl,1,0.997628706,True,CC(=O)Nc1ccc(SC#N)cc1Cl,,,,,,,
xxx_0937,Clc1cc(Cl)cc(C2(CC(Cl)(Cl)Cl)CO2)c1,5,0.963447071,True,"C[S+](C)(C)=O, O=Cc1cc(Cl)cc(Cl)c1Cl, ClCC(Cl)(Cl)Cl",,56961-75-2,630-20-6,,,,
xxx_0938,COC(=Nc1ccc(Cl)cc1)N(C)C,2,0.994039854,True,CN(C)C(O)=Nc1ccc(Cl)cc1Cl,,,,,,,
xxx_0939,CCC(=O)c1c(C(C)C)cc2c(c1C)CCC2(C)C,2,0.994039854,True,"CCC(=O)O, C=CC(=C)C, Cc1cccc(C(C)C)c1",68990-37-4,68441-58-7,535-77-3,,,,
xxx_0940,CC(O)COCc1c(Cl)ccc(Cl)c1Cl,2,0.994039854,True,"OCc1c(Cl)ccc(Cl)c1Cl, CC(=O)CBr",,598-31-2,,,,,
xxx_0941,CCN=C(O)N=C(O)C(C#N)=NOC,1,0.997628706,True,CCN=C(O)N=C(O)C(C#N)=NO,,,,,,,
xxx_0942,CCCCCCCCCCCCNCCNCCNCC(=O)O,2,0.994039854,True,"NCCNCC(=O)O, CCCCCCCCCCCCNCCO, O=S(Cl)Cl",24123-14-6,72623-73-5,7719-09-7,,,,
xxx_0943,N=C(N)NCCCCCCCCNCCCCCCCCNC(=N)N,2,0.994039854,True,"NCCCCCCCCO, CSC(=N)N, NCCCCCCCCN",,72046-62-9,,,,,
xxx_0947,O=C(Cc1ccccc1)N/C(=N\OCC1CC1)c1c(C(F)(F)F)ccc(F)c1F,2,0.994039854,True,"BrCC1CC1, NC(=NO)c1c(C(F)(F)F)ccc(F)c1F, O=C(O)Cc1ccccc1",7051-34-5,,103-82-2,,,,
xxx_0949,CN=C(O)/C(=N/OC)c1ccccc1COc1cc(C)ccc1C,4,0.975,True,"Cc1ccc(C)c(O)c1, O=C1CCC(=O)N1Br, CN=C(O)C(=O)c1ccccc1C, O=C1c2ccccc2C(=O)N1O",95-87-4,3493-39-8,,524-38-9,,,
xxx_0952,CCN(C)C(=O)c1ccc(C(F)(F)F)cc1-c1ccc(OC)c(OC)c1,2,0.994039854,True,"COc1ccc(Br)cc1OC, COB(OC)OC, CCN(C)C(=O)c1ccc(C(F)(F)F)cc1",2859-78-1,121-43-7,,,,,
xxx_0954,Cc1cc(OC(C)C)ccc1C(=O)C(C)(C)N=C(O)c1sccc1C,2,0.994039854,True,"Cc1ccsc1C(O)=NC(C)(C)C(=O)O, CNOC, Cc1cc(O)ccc1Br, CC(C)I",,1117-97-1,14472-14-1,107-08-4,,,
xxx_0956,CN=C(O)C(OC)c1ccccc1COc1cc(C)ccc1C,4,0.975,True,"Cc1ccc(C)c(O)c1, O=C1CCC(=O)N1Br, CN=C(O)C(=O)c1ccccc1C",95-87-4,3493-39-8,,,,,
xxx_0958,CN=C(O)/C(=N/OC)c1ccccc1Oc1ccccc1,3,0.986552929,True,"Oc1ccccc1, CN=C(O)/C(=N/O)c1ccccc1",1336-35-2,,,,,,
xxx_0959,CN=C(O)/C(=N/OC)c1ccccc1CO/N=C(C)/C(=N/OC)C(/C)=N/OC,5,0.963447071,True,"CON1C(=O)c2ccccc2C1=O, O=C1CCC(=O)N1Br, CN=C(O)C(=O)c1ccccc1C, CC(=O)C(=N\O)/C(C)=N/O, O=C1c2ccccc2C(=O)N1O",1914-20-1,3493-39-8,,,524-38-9,,
xxx_0963,COC(=O)C(C)N(C(=O)Cc1ccccc1)c1c(C)cccc1C,2,0.994039854,True,"O=C(Cl)Cc1ccccc1, COC(=O)C(C)=O, Cc1cccc(C)c1N",103-80-0,600-22-6,87-62-7,,,,
xxx_0964,COC(=O)[C@@H](C)N(C(=O)Cc1ccccc1)c1c(C)cccc1C,1,0.997628706,True,"O=C(Cl)Cc1ccccc1, COC(=O)[C@@H](C)Nc1c(C)cccc1C",103-80-0,,,,,,
xxx_0965,COC(=O)C(C)N(C(=O)c1ccco1)c1c(C)cccc1C,2,0.994039854,True,"O=C(Cl)c1ccco1, COC(=O)C(C)=O, Cc1cccc(C)c1N",527-69-5,600-22-6,87-62-7,,,,
xxx_0966,COCC(=O)N(c1c(C)cccc1C)C(C)C(=O)OC,2,0.994039854,True,"COCC(=O)Cl, COC(=O)C(C)=O, Cc1cccc(C)c1N",38870-89-2,600-22-6,87-62-7,,,,
xxx_0967,COCC(=O)N(c1c(C)cccc1C)[C@H](C)C(=O)OC,1,0.997628706,True,"COCC(=O)Cl, COC(=O)[C@@H](C)Nc1c(C)cccc1C",38870-89-2,,,,,,
xxx_0968,C=CCCCOC(=O)C(CC)N(Cc1ccco1)C(=O)n1ccnc1,2,0.994039854,True,"C=CCCCO, CCOC(=O)C(=O)CC, O=C(NCc1ccco1)n1ccnc1",821-09-0,15933-07-0,,,,,
xxx_0971,OC(=Nc1ccccc1-c1ccc(Cl)cc1)c1cccnc1Cl,2,0.994039854,True,"Clc1ccc(Br)cc1, COB(OC)OC, OC(=Nc1ccccc1)c1cccnc1Cl",106-39-8,121-43-7,,,,,
xxx_0973,CC1(C(O)=Nc2ccc(O)c(Cl)c2Cl)CCCCC1,2,0.994039854,True,CC1(C(O)=Nc2ccc(O)cc2)CCCCC1,,,,,,,
xxx_0976,Cc1nc(C)c(C(O)=Nc2ccccc2)s1,1,0.997628706,True,Cc1ncc(C(O)=Nc2ccccc2)s1,,,,,,,
xxx_0977,Cc1cccc(C)c1N(C(=O)CCl)C1CCOC1=O,3,0.986552929,True,"O=C(Cl)CCl, Cc1cccc(C)c1N, O=C1CCCO1",79-04-9,87-62-7,187997-16-6,,,,
xxx_0979,CC1=C(C(O)=Nc2ccccc2)S(=O)(=O)CCO1,1,0.997628706,True,CC1=C(C(O)=Nc2ccccc2)SCCO1,,,,,,,
xxx_0981,CC1=C(C(O)=Nc2ccccc2)CCCO1,2,0.994039854,True,CC1=C(C(O)=Nc2ccc(F)cc2)CCCO1,,,,,,,
xxx_0982,OC(=Nc1ccccc1-c1ccc(F)c(F)c1)c1nccnc1C(F)(F)F,3,0.986552929,True,"OB(O)c1ccc(F)c(F)c1, FC(F)(F)I, OC(=Nc1ccccc1)c1cnccn1",168267-41-2,2314-97-8,,,,,
xxx_0985,Cc1ccc(N=C(O)c2snnc2C)cc1Cl,1,0.997628706,True,Cc1ccc(N=C(O)c2snnc2C)cc1,,,,,,,
xxx_0986,COCC(=O)N(c1c(C)ccc(Cl)c1C)C1CCOC1=O,3,0.986552929,True,"COCC(=O)Cl, Cc1ccc(Cl)c(C)c1N, O=C1CCCO1",38870-89-2,26829-77-6,187997-16-6,,,,
xxx_0987,OC(=Nc1ccccc1)c1ccccc1I,1,0.997628706,True,OC(=Nc1ccccc1)c1ccccc1,,,,,,,
xxx_0989,Cc1ccccc1C(O)=Nc1ccccc1,1,0.997628706,True,OC(=Nc1ccccc1)c1ccccc1,,,,,,,
xxx_0990,Cc1ccccc1C(O)=Nc1cccc(OC(C)C)c1,1,0.997628706,True,"Cc1ccccc1C(O)=Nc1cccc(O)c1, CC(C)Br",,75-26-3,,,,,
xxx_0991,OC(=Nc1ccccc1)c1ccccc1O,1,0.997628706,True,COc1ccccc1C(O)=Nc1ccccc1,,,,,,,
xxx_0993,Cc1occc1C(O)=Nc1ccccc1,1,0.997628706,True,Cc1occc1C(O)=Nc1ccccc1Cl,,,,,,,
xxx_0994,Cc1cc(C(O)=Nc2ccccc2)c(C)o1,1,0.997628706,True,Cc1cc(C(O)=Nc2ccccc2)co1,,,,,,,
xxx_0995,Cc1oc(C)c(C(O)=Nc2ccccc2)c1C,1,0.997628706,True,Cc1cc(C(O)=Nc2ccccc2)c(C)o1,,,,,,,
xxx_0996,O=[N+]([O-])c1ccc(NS(=O)(=O)c2ccc(Cl)c(C(F)(F)F)c2)c(Cl)c1,2,0.994039854,True,"Nc1ccc([N+](=O)[O-])cc1Cl, Nc1ccc(Cl)c(C(F)(F)F)c1",121-87-9,320-51-4,,,,,
xxx_0997,ON=C(O)c1ccccc1,1,0.997628706,True,Nc1cccc(C(O)=NO)c1,,,,,,,
xxx_1000,COc1c(C)cc(N=C=S)cc1C(=O)N(C)C,2,0.994039854,True,"COc1c(C)cc(N)cc1C(=O)O, CNC=O",,123-39-7,,,,,
xxx_1009,CC(C)[C@H](NC(=O)O)C(O)=N[C@H](C)c1nc2ccc(F)cc2s1,1,0.997628706,True,"CC(C)[C@H](NC(=O)O)C(O)=N[C@H](C)C(=O)O, Nc1ccc(F)cc1S",,33264-82-3,,,,,
xxx_1014,N=C(N)NC(=N)N1CCOCC1,1,0.997628706,True,N=C(N)N1CCOCC1,,,,,,,
xxx_1018,CO/C=C(/C(=O)OC)c1ccccc1Oc1cc(Oc2ccccc2C#N)ncn1,1,0.997628706,True,"CO/C=C(/C(=O)OC)c1ccccc1O, N#Cc1ccccc1Oc1cc(Cl)ncn1",,,,,,,
xxx_1020,CCCCc1c(C)c2ccc(OCc3ccccc3/C(=C\OC)C(=O)OC)cc2oc1=O,1,0.997628706,True,"CO/C=C(/C(=O)OC)c1ccccc1CCl, CCCCc1c(C)c2ccc(O)cc2oc1=O",,,,,,,
xxx_1021,CO/C=C(/C(=O)OC)c1ccccc1CO/N=C(C)/C=C/c1ccc(Cl)cc1,1,0.997628706,True,"CO/C=C(/C(=O)OC)c1ccccc1CCl, CC(/C=C/c1ccc(Cl)cc1)=N\O",,,,,,,
xxx_1022,CO/C=C(/C(=O)OC)c1ccccc1COc1ccc(C(F)(F)F)cc1Cl,1,0.997628706,True,"CO/C=C(/C(=O)OC)c1ccccc1CCl, Oc1ccc(C(F)(F)F)cc1Cl",,,,,,,
xxx_1023,CO/C=C(/C(=O)OC)c1ccccc1COc1ccc2c(C)c(C)c(=O)oc2c1,1,0.997628706,True,"CO/C=C(/C(=O)OC)c1ccccc1CCl, Cc1c(C)c2ccc(O)cc2oc1=O",,,,,,,
xxx_1024,CO/C=C(/C(=O)OC)c1ccccc1COc1cccc(C(F)(F)F)n1,1,0.997628706,True,"CO/C=C(/C(=O)OC)c1ccccc1CCl, Oc1cccc(C(F)(F)F)n1",,,,,,,
xxx_1025,CO/C=C(/C(=O)OC)c1ccccc1COc1cc(-c2ccc(Cl)cc2)nn1C,1,0.997628706,True,"CO/C=C(/C(=O)OC)c1ccccc1CCl, Cn1nc(-c2ccc(Cl)cc2)cc1O",,,,,,,
xxx_1029,CO/N=C(/C(=O)OC)c1ccccc1COc1ccccc1C,1,0.997628706,True,"CO/N=C(/C(=O)OC)c1ccccc1CCl, Cc1ccccc1O",,95-48-7,,,,,
xxx_1030,CO/N=C(/C(=O)OC)c1ccccc1CO/N=C(\C)c1cccc(C(F)(F)F)c1,1,0.997628706,True,"CO/N=C(/C(=O)OC)c1ccccc1CCl, CC(=NO)c1cccc(C(F)(F)F)c1",,,,,,,
xxx_1031,c1ccc(-c2ccccc2)cc1,1,0.997628706,True,"Brc1ccccc1, OB(O)c1ccccc1",108-86-1,98-80-6,,,,,
xxx_1032,O=[N+]([O-])c1cc([N+](=O)[O-])c2ccccc2c1Cl,1,0.997628706,True,Nc1c([N+](=O)[O-])cc([N+](=O)[O-])c2ccccc12,,,,,,,
xxx_1033,COc1cc(Cl)c(OC)cc1Cl,1,0.997628706,True,COc1ccc(OC)c(Cl)c1,2100-42-7,,,,,,
xxx_1034,N#Cc1c(Cl)c(Cl)c(Cl)c(C#N)c1Cl,1,0.997628706,True,N#Cc1cc(Cl)c(Cl)c(C#N)c1Cl,23039-03-4,,,,,,
xxx_1035,Nc1c(Cl)cc([N+](=O)[O-])cc1Cl,1,0.997628706,True,"O=C1CCC(=O)N1Cl, Nc1ccc([N+](=O)[O-])cc1Cl",128-09-6,121-87-9,,,,,
xxx_1036,CCCC(=O)c1ccccc1O,1,0.997628706,True,CCCC(=O)Oc1ccccc1,4346-18-3,,,,,,
xxx_1037,O=[N+]([O-])c1c(Cl)c(Cl)c(Cl)c(Cl)c1Cl,2,0.994039854,True,"O=C1CCC(=O)N1Cl, Nc1c(Cl)cc(Cl)c([N+](=O)[O-])c1Cl",128-09-6,62406-71-7,,,,,
xxx_1038,O=[N+]([O-])c1c(Cl)c(Cl)cc(Cl)c1Cl,1,0.997628706,True,Nc1c(Cl)cc(Cl)c(Cl)c1[N+](=O)[O-],,,,,,,
xxx_1039,O=[N+]([O-])c1c(Cl)c([N+](=O)[O-])c(Cl)c([N+](=O)[O-])c1Cl,2,0.994039854,True,O=[N+]([O-])c1cc([N+](=O)[O-])c(Cl)c([N+](=O)[O-])c1,88-88-0,,,,,,
xxx_1040,COc1cc(C)c(C(=O)c2c(OC)ccc(Br)c2C)c(OC)c1OC,1,0.997628706,True,"COc1ccc(Br)c(C)c1C(=O)O, COc1cc(C)cc(OC)c1OC",,6443-69-2,,,,,
xxx_1041,COc1cc(C)c(C(=O)c2c(OC)ncc(Cl)c2C)c(OC)c1OC,1,0.997628706,True,"COc1ncc(Cl)c(C)c1C(=O)O, COc1cc(C)cc(OC)c1OC",,6443-69-2,,,,,
xxx_1042,CCCSc1ccc2nc(N=C(O)OC)[nH]c2c1,1,0.997628706,True,"CCCS, COC(O)=Nc1nc2ccc(Cl)cc2[nH]1",51285-52-0,,,,,,
xxx_1044,COC(O)=Nc1nc2ccccc2[nH]1,1,0.997628706,True,COC(O)=NC(=S)Nc1ccccc1N,,,,,,,
xxx_1045,Clc1ccccc1-c1nc2ccccc2[nH]1,1,0.997628706,True,"O=Cc1ccccc1Cl, Nc1ccccc1N",35913-09-8,95-54-5,,,,,
xxx_1048,c1coc(-c2nc3ccccc3[nH]2)c1,1,0.997628706,True,"Nc1ccccc1N, O=Cc1ccco1",95-54-5,98-01-1,,,,,
xxx_1050,Cc1cc(C)n(-c2nc3ccccc3[nH]2)n1,1,0.997628706,True,"Cc1cc(C)[nH]n1, Clc1nc2ccccc2[nH]1",67-51-6,4857-06-1,,,,,
xxx_1051,COC(O)=NC(S)=Nc1ccccc1N=Cc1ccco1,1,0.997628706,True,"COC(O)=NC(S)=Nc1ccccc1N, O=Cc1ccco1",,98-01-1,,,,,
xxx_1054,CC(C)N=C(O)Nc1nc2ccccc2s1,3,0.986552929,True,"CC(C)N=C(N)O, Brc1nc2ccccc2s1",,2516-40-7,,,,,
xxx_1055,N#CSCSc1nc2ccccc2s1,1,0.997628706,True,"N#CSCCl, Sc1nc2ccccc2s1",3268-79-9,,,,,,
xxx_1056,Cn1c(=O)sc2cccc(Cl)c21,1,0.997628706,True,O=c1[nH]c2c(Cl)cccc2s1,39205-62-4,,,,,,
xxx_1057,C=CCOC1=NS(=O)(=O)c2ccccc21,1,0.997628706,True,"O=S1(=O)N=C(Cl)c2ccccc21, C=CCO",567-19-1,107-18-6,,,,,
xxx_1060,COc1ccc2ccc(=O)oc2c1CC=C(C)C,1,0.997628706,True,CC(C)=CCc1c(O)ccc2ccc(=O)oc12,484-14-0,,,,,,
xxx_1062,Oc1c(Cl)cc(Cl)cc1Sc1cc(Cl)cc(Cl)c1O,3,0.986552929,True,"Sc1cc(Cl)cc(Cl)c1, Oc1ccc(Cl)cc1Cl",,120-83-2,,,,,
xxx_1063,Oc1ccc(Cl)cc1Cc1cc(Cl)ccc1O,1,0.997628706,True,"OCc1cc(Cl)ccc1O, Oc1ccc(Cl)cc1",5330-38-1,106-48-9,,,,,
xxx_1064,c1ccc(Nc2ccccc2)cc1,1,0.997628706,True,"Nc1ccccc1, Brc1ccccc1",62-53-3,108-86-1,,,,,
xxx_1065,OC(c1ccc(Cl)cc1)(c1ccc(Cl)cc1)c1cccnc1,1,0.997628706,True,"O=C(c1ccc(Cl)cc1)c1cccnc1, Clc1ccc(Br)cc1",14548-44-8,106-39-8,,,,,
xxx_1066,CCCCN=C(O)OCC#CI,1,0.997628706,True,C#CCOC(O)=NCCCC,,,,,,,
xxx_1067,Cn1nnnc1/C(=N\OCc1cccc(N=C(O)OC(C)(C)C)n1)c1ccccc1,2,0.994039854,True,"CNC(=O)C(=NO)c1ccccc1, O=C1CCC(=O)N1Br, Cc1cccc(N=C(O)OC(C)(C)C)n1",,3493-39-8,,,,,
xxx_1068,CCCOC(O)=NCCCN(C)C,1,0.997628706,True,CCOC(O)=NCCCN(C)C,,,,,,,
xxx_1069,COC(O)=NCc1cc(/C(C)=N/OCc2cccc(C)n2)ccc1Cl,3,0.986552929,True,"Cc1cccc(CCl)n1, CC(=O)Cl, COC(O)=NCc1ccccc1Cl",,75-36-5,,,,,
xxx_1070,Cc1ccc(C(=O)NC[C@@H](N=C(O)OCC(F)(F)F)C(C)C)cc1,2,0.994039854,True,"Cc1ccc(C(=O)Cl)cc1, CC(C)[C@H](N=C(O)OCC(F)(F)F)C(N)=O",874-60-2,,,,,,
xxx_1071,CCOc1ccc(N=C(O)OC(C)C)cc1OCC,2,0.994039854,True,"CCOS(=O)(=O)OCC, CCOc1cccc(N=C(O)OC(C)C)c1",98503-29-8,,,,,,
xxx_1072,CC(C)(C)C(=O)C(Oc1ccc(Cl)cc1)n1ccnc1,2,0.994039854,True,"c1c[nH]cn1, CC(C)(C)C(=O)COc1ccc(Cl)cc1",116421-26-2,24473-06-1,,,,,
xxx_1073,C=CCOC(Cn1ccnc1)c1ccc(Cl)cc1Cl,3,0.986552929,True,"C=CCBr, O=C(CCl)c1ccc(Cl)cc1Cl, c1c[nH]cn1",106-95-6,4252-78-2,116421-26-2,,,,
xxx_1074,CC1(C)COC(C)(CCCc2ccc(Cl)cc2)N1C(=O)n1ccnc1,5,0.963447071,True,"O=C(n1ccnc1)n1ccnc1, O=Cc1ccc(Cl)cc1, CC(=O)C(C)=O, CC(C)(N)CO",128456-94-0,104-88-1,625-34-3,189832-99-3,,,
xxx_1075,CCCN(CCOc1c(Cl)cc(Cl)cc1Cl)C(=O)n1ccnc1,2,0.994039854,True,"O=C(n1ccnc1)n1ccnc1, CCCCl, NCCOc1c(Cl)cc(Cl)cc1Cl",128456-94-0,540-54-5,,,,,
xxx_1077,Clc1ccc(C2(Cn3cncn3)OCCO2)c(Cl)c1,1,0.997628706,True,"OCC1(c2ccc(Cl)cc2Cl)OCCO1, c1nc[nH]n1",,63598-71-0,,,,,
xxx_1084,N#CC(CCc1ccc(Cl)cc1)(Cn1cncn1)c1ccccc1,2,0.994039854,True,"ClCn1cncn1, Clc1ccc(CCBr)cc1, N#CCc1ccccc1",,6529-53-9,140-29-4,,,,
xxx_1085,O=c1c2cc(F)ccc2nc(-n2cncn2)n1-c1ccc(Cl)cc1Cl,3,0.986552929,True,"c1nc[nH]n1, O=P(Cl)(Cl)Cl, O=C=Nc1ccc(Cl)cc1Cl, CCOC(=O)c1cc(F)ccc1N",63598-71-0,10025-87-3,2612-57-9,,,,
xxx_1086,OC(Cn1cncn1)(c1ccc(F)cc1)c1ccccc1F,1,0.997628706,True,"O=C(Cn1cncn1)c1ccc(F)cc1, Fc1ccccc1Br",,1072-85-1,,,,,
xxx_1088,CCCCC(O)(Cn1cncn1)c1ccc(Cl)cc1Cl,2,0.994039854,True,"O=C(CCl)c1ccc(Cl)cc1Cl, c1nc[nH]n1, CCCCCl",4252-78-2,63598-71-0,109-69-3,,,,
xxx_1091,CC(C)C(O)(Cn1cncn1)c1ccc(Oc2ccc(Cl)cc2)cc1C(F)(F)F,3,0.986552929,True,"CC(C)C(=O)CCl, c1nc[nH]n1, Fc1ccc(Cl)cc1, Oc1cccc(C(F)(F)F)c1",,63598-71-0,55256-17-2,98-17-9,,,
xxx_1092,CC(O)(Cn1cncn1)c1ccc(Oc2ccc(Cl)cc2)cc1C(F)(F)F,2,0.994039854,True,"CC(=O)Cn1cncn1, Oc1ccc(Br)c(C(F)(F)F)c1, Clc1ccc(Br)cc1",,,106-39-8,,,,
xxx_1093,CC1(C)CCC(Cc2ccc(Cl)cc2)C1(O)Cn1cncn1,4,0.975,True,"c1nc[nH]n1, C[S+](C)C, CC1(C)CCCC1=O, O=Cc1ccc(Cl)cc1",63598-71-0,,4541-32-6,104-88-1,,,
xxx_1094,CCCCC(C#N)(Cn1cncn1)c1ccc(Cl)cc1,2,0.994039854,True,"ClCn1cncn1, N#CCc1ccc(Cl)cc1, CCCCBr",,140-53-4,109-65-9,,,,
xxx_1095,CCCC(Cn1cncn1)c1ccc(Cl)cc1Cl,3,0.986552929,True,"c1nc[nH]n1, COC(=O)Cc1ccc(Cl)cc1Cl, CCCI",63598-71-0,55954-23-9,26914-02-3,,,,
xxx_1097,OC(Cc1ccccc1Cl)(Cn1[nH]cnc1=S)C1(Cl)CC1,2,0.994039854,True,"S=c1nc[nH][nH]1, C[S+](C)(C)=O, O=C(Cc1ccccc1Cl)C1(Cl)CC1",17357-98-1,,,,,,
xxx_1098,O=c1c2ccccc2nc(-n2cncn2)n1-c1ccc(Cl)cc1Cl,3,0.986552929,True,"c1nc[nH]n1, O=P(Cl)(Cl)Cl, O=C=Nc1ccc(Cl)cc1Cl, CCOC(=O)c1ccccc1N",63598-71-0,10025-87-3,2612-57-9,87-25-2,,,
xxx_1099,CC(C)(C)C(O)(CCc1ccc(Cl)cc1)Cn1cncn1,3,0.986552929,True,"c1nc[nH]n1, COS(=O)(=O)OC, CC(C)(C)C(=O)CCc1ccccc1",63598-71-0,139443-72-4,,,,,
xxx_1101,CC(C)(C)C(=O)C(Oc1ccc(Cl)cc1)n1cncn1,2,0.994039854,True,"c1nc[nH]n1, CC(C)(C)C(=O)COc1ccc(Cl)cc1",63598-71-0,24473-06-1,,,,,
xxx_1102,CC(C)(C)C(O)C(Oc1ccc(Cl)cc1)n1cncn1,3,0.986552929,True,"c1nc[nH]n1, CC(C)(C)C(=O)COc1ccc(Cl)cc1",63598-71-0,24473-06-1,,,,,
xxx_1103,CC1(C)CC/C(=C\c2ccc(Cl)cc2)C1(O)Cn1cncn1,5,0.963447071,True,"c1nc[nH]n1, C[S+](C)(C)=O, O=C1CCC/C1=C\c1ccccc1",63598-71-0,,,,,,
xxx_1106,CCOC(=O)C(C#N)=C(N)c1ccccc1,5,0.963447071,True,"CC(=O)O, N#Cc1ccc(F)cc1, COC(=O)CC(N)=O",157090-22-7,1194-02-1,,,,,
xxx_1108,O=C1C(Cl)=C(Cl)C(=O)N1c1ccc(F)cc1,1,0.997628706,True,"Nc1ccc(F)cc1, O=C1OC(=O)C(Cl)=C1Cl",371-40-4,1122-17-4,,,,,
xxx_1110,CC1(C)OC(=O)N(c2cc(Cl)cc(Cl)c2)C1=O,2,0.994039854,True,"CC1(C)OC(=O)NC1=O, Nc1c(Cl)cc(Cl)cc1Br",695-53-4,697-86-9,,,,,
xxx_1111,CC(C)N=C(O)N1CC(=O)N(c2cc(Cl)cc(Cl)c2)C1=O,1,0.997628706,True,"CCOC(=O)CNC(O)=NC(C)C, O=C=Nc1cc(Cl)cc(Cl)c1",,34893-92-0,,,,,
xxx_1112,CC(C)CC(=O)N1CC(=O)N(c2cc(Cl)cc(Cl)c2)C1=O,1,0.997628706,True,"CCOC(=O)CNC(=O)CC(C)C, O=C=Nc1cc(Cl)cc(Cl)c1",,34893-92-0,,,,,
xxx_1115,C=CC1(C)OC(=O)N(c2cc(Cl)cc(Cl)c2)C1=O,6,0.955960146,True,"CC1(C)OC(=O)NC1=O, OB(O)c1cccc(Br)c1",695-53-4,89598-96-9,,,,,
xxx_1120,O=C1c2ccccc2C(=O)N1CSc1ccc(Cl)cc1,1,0.997628706,True,"O=C1c2ccccc2C(=O)N1CCl, Sc1ccc(Cl)cc1",17564-64-6,106-54-7,,,,,
xxx_1121,CCC(C)c1cc([N+](=O)[O-])cc([N+](=O)[O-])c1OC(=O)C=C(C)C,2,0.994039854,True,"CC(C)=CC(=O)O, CC(C)c1cc([N+](=O)[O-])cc([N+](=O)[O-])c1O",541-47-9,118-95-6,,,,,
xxx_1122,CCC(C)c1cc([N+](=O)[O-])cc([N+](=O)[O-])c1OC(=O)OC(C)C,4,0.975,True,"CCC(C)=O, CC(C)OC(=O)Cl, O=[N+]([O-])c1ccc(O)c([N+](=O)[O-])c1",78-93-3,94274-22-3,51-28-5,,,,
xxx_1123,C/C=C/C(=O)Oc1c(C(C)CCCCCC)cc([N+](=O)[O-])cc1[N+](=O)[O-],4,0.975,True,"CCCCCCC(C)=O, C/C=C/C(=O)Cl, O=[N+]([O-])c1ccc(O)c([N+](=O)[O-])c1",111-13-7,10487-71-5,51-28-5,,,,
xxx_1124,CCCC(C)c1cc([N+](=O)[O-])cc([N+](=O)[O-])c1OC(=O)OC(C)C,4,0.975,True,"CCCC(C)=O, CC(C)OC(=O)Cl, O=[N+]([O-])c1ccc(O)c([N+](=O)[O-])c1",27154-67-2,94274-22-3,51-28-5,,,,
xxx_1125,CCCCCCC(C)c1cc([N+](=O)[O-])cc([N+](=O)[O-])c1OC(=O)SC,4,0.975,True,"CCCCCCC(C)=O, O=[N+]([O-])c1ccc(F)c([N+](=O)[O-])c1, CC(=O)OC(C)=O, O=C(O)S",111-13-7,70-34-8,108-24-7,,,,
xxx_1126,CCOC(=O)Oc1c([N+](=O)[O-])cc([N+](=O)[O-])cc1C(C)(C)C,1,0.997628706,True,"CCOC(=O)Cl, CC(C)(C)c1cc([N+](=O)[O-])cc([N+](=O)[O-])c1O",52803-29-9,1420-07-1,,,,,
xxx_1130,CN(C)C(=S)SSC(=S)N(C)C,5,0.963447071,True,NC(=S)SSC(N)=S,504-90-5,,,,,,
xxx_1136,CCCCC(C#N)(Cn1ccnc1)c1ccccc1,4,0.975,True,"c1c[nH]cn1, CCCCI, N#CC(C#N)c1ccccc1",116421-26-2,25267-27-0,3041-40-5,,,,
xxx_1137,[O-][n+]1nc(-n2ccnc2)nc2ccc(Cl)cc21,2,0.994039854,True,"c1c[nH]cn1, Nc1nc2ccc(Cl)cc2[n+]([O-])n1",116421-26-2,,,,,,
xxx_1139,COc1ccc(C(=CC(=O)N2CCOCC2)c2ccc(Cl)cc2)cc1OC,2,0.994039854,True,"CC(=O)N1CCOCC1, O=C(Cl)c1ccc(Cl)cc1, COc1ccccc1OC",140864-97-7,122-01-0,91-16-7,,,,
xxx_1141,COc1ccc(C(=CC(=O)N2CCOCC2)c2ccc(F)cc2)cc1OC,2,0.994039854,True,"CC(=O)N1CCOCC1, COc1ccc(C(=O)Cl)cc1OC, Fc1ccccc1",140864-97-7,3535-37-3,462-06-6,,,,
xxx_1146,CCO[PH](=O)O,2,0.994039854,True,O=[PH](O)O,,,,,,,
xxx_1153,CC1=NOC(=O)C1=NNc1ccccc1Cl,1,0.997628706,True,CC1=NOC(=O)C1=NNc1ccccc1,,,,,,,
xxx_1154,Cc1cc(O)no1,1,0.997628706,True,COc1cc(C)on1,,,,,,,
xxx_1155,CC1=NOC(=O)C1=NNc1cccc(Cl)c1,1,0.997628706,True,CC1=NOC(=O)C1=NNc1ccccc1,,,,,,,
xxx_1156,Cc1cc(C(F)(F)F)nn1CC(=O)N1CCC(c2nc(C3=NOC(c4c(F)cccc4F)C3)cs2)CC1,3,0.986552929,True,"Cc1cc(C(F)(F)F)nn1CC(=O)O, N#CC1CCNCC1, CC(=O)C(Cl)=NO, C=Cc1c(F)cccc1F",,4395-98-6,,,,,
xxx_1160,CCCCSC(=Nc1cccnc1)SCc1ccc(C(C)(C)C)cc1,3,0.986552929,True,"CCCCBr, CC(C)(C)c1ccc(CO)cc1, O=S(Cl)Cl, SC(S)=Nc1cccnc1Cl",109-65-9,877-65-6,7719-09-7,,,,
xxx_1161,[O-][n+]1ccccc1SSc1cccc[n+]1[O-],2,0.994039854,True,c1ccc(SSc2ccccn2)nc1,2127-03-9,,,,,,
xxx_1162,O=[N+]([O-])c1cc(C(F)(F)F)c(Cl)c([N+](=O)[O-])c1Nc1ncc(C(F)(F)F)cc1Cl,3,0.986552929,True,"Nc1ncc(C(F)(F)F)cc1Cl, O=[N+]([O-])c1cc([N+](=O)[O-])cc(C(F)(F)F)c1",,401-99-0,,,,,
xxx_1163,N#Cc1c(Cl)nc(Cl)c(C#N)c1-c1ccccc1,2,0.994039854,True,"O=P(Cl)(Cl)Cl, N#Cc1c(N)[nH]c(=O)c(C#N)c1-c1ccccc1",10025-87-3,,,,,,
xxx_1164,CON=C(Cc1cccnc1)c1ccc(Cl)cc1Cl,3,0.986552929,True,"O=C(O)Cc1cccnc1, COC(=O)c1ccc(Cl)cc1Cl, O=C1c2ccccc2C(=O)N1O",501-81-5,35112-28-8,524-38-9,,,,
xxx_1165,COc1cc(C(Cl)(Cl)Cl)cc(Cl)n1,3,0.986552929,True,"ClC(Cl)(Cl)c1ccncc1, COCc1ccccc1",22796-40-3,538-86-3,,,,,
xxx_1166,Clc1cc(C(Cl)(Cl)Cl)cc(OCc2ccco2)n1,2,0.994039854,True,"OCc1ccco1, ClC(Cl)(Cl)Cl, Cc1cc(F)nc(Cl)c1",88161-36-8,56-23-5,,,,,
xxx_1168,CCC(Nc1ncnc(C)c1Cl)c1ccc(OC(F)F)cc1,2,0.994039854,True,"Cc1ncnc(Cl)c1Cl, CCC(=O)c1ccc(OC(F)F)cc1",,83022-58-6,,,,,
xxx_1169,CCCCc1c(C)nc(N(C)C)nc1O,3,0.986552929,True,"CCCCc1c(C)nc(N)nc1Cl, OCc1ccccc1",,1336-27-2,,,,,
xxx_1170,CCCCc1c(O)nc(=NCC)[nH]c1C,3,0.986552929,True,"C#CCC, CCN=c1nc(O)cc(C)[nH]1",107-00-6,,,,,,
xxx_1171,OC(c1ccc(Cl)cc1)(c1cncnc1)c1ccccc1Cl,1,0.997628706,True,"O=C(c1ccc(Cl)cc1)c1cncnc1, Clc1ccccc1Br",,694-80-4,,,,,
xxx_1172,C/C(=N/Nc1nc(C)cc(C)n1)c1ccccc1C,3,0.986552929,True,"Cc1cc(C)nc(Cl)n1, CC(=O)c1ccccc1C, NN1C(=O)c2ccccc2C1=O",4472-44-0,577-16-2,1875-48-5,,,,
xxx_1173,OC(c1ccc(F)cc1)(c1cncnc1)c1ccccc1Cl,2,0.994039854,True,"Fc1ccc(Br)cc1, O=C(Cl)c1cncnc1, Clc1ccccc1",460-00-4,,68411-45-0,,,,
xxx_1174,OC(c1ccccc1)(c1cncnc1)c1ccc(Cl)cc1Cl,2,0.994039854,True,"Brc1cncnc1, O=C(Cl)c1ccccc1, Clc1cccc(Cl)c1",4595-59-9,98-88-4,541-73-1,,,,
xxx_1175,Cc1cc(C2CC2)nc(Nc2ccccc2)n1,1,0.997628706,True,"Cc1cc(Cl)nc(Nc2ccccc2)n1, OB(O)C1CC1",6967-54-0,,,,,,
xxx_1176,CC#Cc1cc(C)nc(Nc2ccccc2)n1,5,0.963447071,True,"Brc1ccccc1, N=C(N)N, CCOC(C)=O, CC(=O)Cl, C=C(C)Cl",108-86-1,,141-78-6,75-36-5,557-98-2,,
xxx_1177,Cc1cc(C)nc(Nc2ccccc2)n1,1,0.997628706,True,"Cc1cc(C)nc(Cl)n1, Nc1ccccc1",4472-44-0,62-53-3,,,,,
xxx_1178,O=C1CCC(=O)N1c1cc(Cl)cc(Cl)c1,1,0.997628706,True,"Nc1cc(Cl)cc(Cl)c1, O=C1CCC(=O)O1",626-43-7,108-30-5,,,,,
xxx_1179,N#Cc1c[nH]cc1-c1cccc(Cl)c1Cl,2,0.994039854,True,"[C-]#[N+]CS(=O)(=O)c1ccc(C)cc1, O=Cc1cccc(Cl)c1Cl, CCOP(=O)(CC#N)OCC",36635-61-7,6334-18-5,2537-48-6,,,,
xxx_1180,N#Cc1c[nH]cc1-c1cccc2c1OC(F)(F)O2,2,0.994039854,True,"[C-]#[N+]CS(=O)(=O)c1ccc(C)cc1, O=Cc1cccc2c1OC(F)(F)O2, CCOP(=O)(CC#N)OCC",36635-61-7,119895-68-0,2537-48-6,,,,
xxx_1181,CCOc1ccc2c(c1)C(C)=CC(C)(C)N2,1,0.997628706,True,"CCOS(=O)(=O)OCC, CC1=CC(C)(C)Nc2ccc(O)cc21",98503-29-8,,,,,,
xxx_1182,C=CC(=O)Oc1c(Br)cc(Cl)c2cccnc12,2,0.994039854,True,"C=CC(=O)Cl, O=C1CCC(=O)N1Cl, Oc1c(Br)ccc2cccnc12",814-68-6,128-09-6,,,,,
xxx_1183,CC(=O)c1ccc(O)c2ncccc12,1,0.997628706,True,"CC(=O)Cl, Oc1cccc2cccnc12",75-36-5,148-24-3,,,,,
xxx_1185,Fc1ccc(Oc2ccnc3cc(Cl)cc(Cl)c23)cc1,1,0.997628706,True,"Fc1ccc(Cl)cc1, Oc1ccnc2cc(Cl)cc(Cl)c12",55256-17-2,,,,,,
xxx_1186,CC(=O)Oc1c(C)c(C)nc2c(F)cc(C(C)(C)C)cc12,3,0.986552929,True,"CC(=O)OC(C)=O, CC(C)(C)c1ccc(N)c(F)c1, CCOC(=O)CC(C)=O",108-24-7,,141-97-9,,,,
xxx_1188,O=C1C(Cl)=C(Cl)C(=O)c2ccccc21,1,0.997628706,True,O=C(O)C(Cl)=C(Cl)C(=O)c1ccccc1,,,,,,,
xxx_1191,Clc1c(Cl)c(Cl)c2nccnc2c1Cl,1,0.997628706,True,"O=CC=O, Nc1c(N)c(Cl)c(Cl)c(Cl)c1Cl",83513-30-8,877-12-3,,,,,
xxx_1193,CCOc1nc(C(Cl)(Cl)Cl)ns1,2,0.994039854,True,"Clc1nc(C(Cl)(Cl)Cl)ns1, CC(=O)O",5848-93-1,157090-22-7,,,,,
xxx_1199,Clc1nc(Cl)[nH]c(=Nc2ccccc2Cl)n1,1,0.997628706,True,Clc1nc(Cl)[nH]c(=Nc2ccccc2)n1,,,,,,,
xxx_1200,CC(C)(C)C(O)C(Oc1ccc(-c2ccccc2)cc1)n1cncn1,4,0.975,True,"c1nc[nH]n1, CC(C)(C)C(=O)CBr, Oc1ccc(-c2ccccc2)cc1",63598-71-0,5469-26-1,1322-20-9,,,,
xxx_1201,FC(F)(F)c1cccc(C(c2ccccc2)(c2ccccc2)n2cncn2)c1,4,0.975,True,"c1nc[nH]n1, Brc1ccccc1, O=C(Cl)c1cccc(C(F)(F)F)c1, c1ccccc1",63598-71-0,108-86-1,2251-65-2,27271-55-2,,,
xxx_1202,CCCCn1cnnc1,1,0.997628706,True,CCCCn1cnnc1S,,,,,,,
xxx_1203,CCCCCCCCc1c(CC)nc2ncnn2c1N,2,0.994039854,True,"Nc1nc[nH]n1, Cc1ccc(S(=O)(=O)O)cc1, CCOC(=O)CC, CCCCCCCCC#N",,25231-46-3,105-37-3,2243-27-8,,,
xxx_1204,OC(=Nc1ccccc1)N(Cc1ccc(Cl)cc1)C1CCCC1,1,0.997628706,True,"Clc1ccc(CBr)cc1, OC(=Nc1ccccc1)NC1CCCC1",622-95-7,,,,,,
xxx_1205,O=C(S)c1cccc2nnsc12,2,0.994039854,True,"O=C(O)c1cccc2nnsc12, CC(=O)S",,507-09-5,,,,,
xxx_1208,CC(=O)c1c(O)oc(C)cc1=O,1,0.997628706,True,"CC(=O)Cl, Cc1cc(=O)cc(O)o1",75-36-5,675-10-5,,,,,
xxx_1209,Cc1c(Cl)cc(-c2ccc(O)nn2)cc1Cl,2,0.994039854,True,"O=C1CCC(=O)N1Cl, Cc1ccc(B(O)O)cc1Cl, Oc1ccc(Cl)nn1",128-09-6,175883-63-3,,,,,
xxx_1210,CCOC(=O)OC(=O)OCC,1,0.997628706,True,"CCOC(=O)Cl, CCOC(=O)O",52803-29-9,,,,,,
xxx_1212,CCSS(=O)(=O)CC,1,0.997628706,True,CCSS(C)(=O)=O,,,,,,,
xxx_1213,CC(Cc1ccc(C(C)(C)C)cc1)CN1CCCCC1,3,0.986552929,True,"C1CCNCC1, CC(=Cc1ccc(C(C)(C)C)cc1)C(=O)O",110-89-4,,,,,,
xxx_1215,CC(=Cc1ccc(SC#N)cc1)[N+](=O)[O-],2,0.994039854,True,"CC[N+](=O)[O-], N#CSc1ccccc1",79-24-3,5285-87-0,,,,,
xxx_1216,CC(C)OC(=O)c1cc(C(=O)OC(C)C)cc([N+](=O)[O-])c1,2,0.994039854,True,"CC(C)O, CC(C)O, O=C(O)c1cc(C(=O)O)cc([N+](=O)[O-])c1",8013-70-5,8013-70-5,618-88-2,,,,
xxx_1218,Oc1ccccc1-c1ccccc1,1,0.997628706,True,COc1ccccc1-c1ccccc1,86-26-0,,,,,,
xxx_1219,O=C1OCc2c(Cl)c(Cl)c(Cl)c(Cl)c21,3,0.986552929,True,O=C1OC(=O)c2c(Cl)ccc(Cl)c21,4466-59-5,,,,,,
xxx_1220,CC1CCCCN1CCCOC(=O)c1ccc(Cl)c(Cl)c1,3,0.986552929,True,"O=C(O)c1ccc(Cl)c(Cl)c1, CC(=O)CCCCBr, NCCCO",51-44-5,10226-29-6,156-87-6,,,,
xxx_1221,N=C(N)c1ccc(OCCCOc2ccc(C(=N)N)cc2)cc1,2,0.994039854,True,"N#Cc1ccc(OCCCBr)cc1, N=C(N)c1ccc(O)cc1",,,,,,,
xxx_1222,CCCOc1nc2ccc(I)cc2c(=O)n1CCC,2,0.994039854,True,"CCCO, CCCn1c(SC)nc2ccccc2c1=O",71-23-8,,,,,,
xxx_1223,O=C1CCc2cccc3c2N1CC3,1,0.997628706,True,O=C(CCCl)N1CCc2ccccc21,,,,,,,
xxx_1224,CCCN(CC)CC1COC2(CCC(C(C)(C)C)CC2)O1,2,0.994039854,True,"CCCNCC, OCC(O)CO, CC(C)(C)C1CCC(=O)CC1",,8043-29-6,98-53-3,,,,
xxx_1225,CCCCCS(=O)(=O)c1ccc([N+](=O)[O-])cc1[N+](=O)[O-],2,0.994039854,True,"CCCCCS, O=[N+]([O-])c1ccc(F)c([N+](=O)[O-])c1",110-66-7,70-34-8,,,,,
xxx_1227,Cc1cccc2sc3nncn3c12,1,0.997628706,True,"Cc1cccc2sc(NN)nc12, CCOC(OCC)OCC",20174-68-9,108055-42-1,,,,,
